2 0.000000 15.000000 868.719182
1338 1126 
1 -5.000000 0.000000 -5.030000 14.998483 0.000000 0.024533 0.000200 
2 5.783000 0.000000 -5.030000 14.998672 0.000000 0.014821 0.000176 
3 5.783000 0.000000 5.006738 15.001187 0.000000 0.014250 -0.000159 
4 -5.000000 0.000000 5.006738 15.001696 0.000000 0.024333 -0.000229 
5 0.391500 0.000000 -0.011631 14.958060 0.000000 -0.944470 0.001620 
6 -5.000000 0.000000 -0.011631 15.000254 0.000000 0.026356 -0.000037 
7 0.391500 0.000000 -5.030000 14.995480 0.000000 0.019211 0.000601 
8 5.783000 0.000000 -0.011631 15.001158 0.000000 -0.376937 -0.000786 
9 0.391500 0.000000 5.006738 15.004542 0.000000 0.018563 -0.000607 
10 -2.304250 0.000000 2.497553 15.007403 0.000000 0.024106 -0.000990 
11 -5.000000 0.000000 2.497553 15.001791 0.000000 0.025358 -0.000242 
12 -2.304250 0.000000 -0.011631 15.000996 0.000000 0.033130 -0.000138 
13 0.391500 0.000000 2.497553 15.017536 0.000000 -0.000491 -0.002339 
14 -2.304250 0.000000 5.006738 15.003493 0.000000 0.022848 -0.000468 
15 -2.304250 0.000000 -2.520816 14.993413 0.000000 0.024898 0.000875 
16 -5.000000 0.000000 -2.520816 14.998579 0.000000 0.025547 0.000187 
17 -2.304250 0.000000 -5.030000 14.996711 0.000000 0.023277 0.000436 
18 0.391500 0.000000 -2.520816 14.982680 0.000000 0.001967 0.002308 
19 3.087250 0.000000 2.497553 15.004333 0.000000 -0.016009 -0.000579 
20 3.087250 0.000000 -0.011631 14.999618 0.000000 -0.366882 -0.000547 
21 5.783000 0.000000 2.497553 15.000796 0.000000 -0.015422 -0.000107 
22 3.087250 0.000000 5.006738 15.002756 0.000000 0.015068 -0.000369 
23 -0.956375 0.000000 1.242961 15.032090 0.000000 0.021315 -0.004285 
24 -2.304250 0.000000 1.242961 15.008040 0.000000 0.028543 -0.001076 
25 -0.956375 0.000000 -0.011631 15.002088 0.000000 0.065419 -0.000297 
26 0.391500 0.000000 1.242961 15.057883 0.000000 -0.066661 -0.007752 
27 -0.956375 0.000000 2.497553 15.014652 0.000000 0.017061 -0.001956 
28 3.087250 0.000000 -2.520816 14.995248 0.000000 -0.013967 0.000633 
29 3.087250 0.000000 -5.030000 14.997099 0.000000 0.015663 0.000386 
30 5.783000 0.000000 -2.520816 14.999026 0.000000 -0.013287 0.000129 
31 -0.956375 0.000000 -1.266223 14.970892 0.000000 0.023683 0.003875 
32 -2.304250 0.000000 -1.266223 14.993481 0.000000 0.029272 0.000865 
33 -0.956375 0.000000 -2.520816 14.986235 0.000000 0.018706 0.001833 
34 0.391500 0.000000 -1.266223 14.943603 0.000000 -0.058923 0.007490 
35 1.739375 0.000000 1.242961 15.015307 0.000000 -0.104966 -0.002091 
36 1.739375 0.000000 -0.011631 14.999834 0.000000 -0.343281 -0.000502 
37 3.087250 0.000000 1.242961 15.003615 0.000000 -0.105089 -0.000531 
38 1.739375 0.000000 2.497553 15.010247 0.000000 -0.013123 -0.001367 
39 -0.282437 0.000000 0.615665 15.128959 0.000000 0.012393 -0.017269 
40 -0.956375 0.000000 0.615665 15.036226 0.000000 0.042105 -0.004844 
41 -0.282437 0.000000 -0.011631 14.990054 0.000000 0.256879 0.001032 
42 0.391500 0.000000 0.615665 15.138139 0.000000 -0.212657 -0.018704 
43 -0.282437 0.000000 1.242961 15.057341 0.000000 -0.008973 -0.007660 
44 1.739375 0.000000 -1.266223 14.984205 0.000000 -0.097517 0.002063 
45 1.739375 0.000000 -2.520816 14.989340 0.000000 -0.010836 0.001420 
46 3.087250 0.000000 -1.266223 14.996172 0.000000 -0.097305 0.000468 
47 -0.282437 0.000000 -0.638927 14.878789 0.000000 0.015074 0.016095 
48 -0.956375 0.000000 -0.638927 14.968082 0.000000 0.043746 0.004243 
49 -0.282437 0.000000 -1.266223 14.945954 0.000000 -0.003975 0.007193 
50 0.391500 0.000000 -0.638927 14.864853 0.000000 -0.196836 0.017766 
51 1.065438 0.000000 0.615665 15.034308 0.000000 -0.243903 -0.004844 
52 1.065438 0.000000 -0.011631 14.997279 0.000000 -0.329464 -0.000120 
53 1.739375 0.000000 0.615665 15.012022 0.000000 -0.234459 -0.001848 
54 1.065438 0.000000 1.242961 15.032020 0.000000 -0.098265 -0.004317 
55 0.054531 0.000000 0.302017 15.430161 0.000000 -0.108492 -0.058230 
56 -0.282437 0.000000 0.302017 15.166174 0.000000 0.112372 -0.022335 
57 0.054531 0.000000 -0.011631 12.869633 0.000000 0.575971 0.262404 
58 0.391500 0.000000 0.302017 15.206133 0.000000 -0.456356 -0.028599 
59 0.054531 0.000000 0.615665 15.182128 0.000000 -0.093249 -0.024470 
60 1.065438 0.000000 -0.638927 14.963508 0.000000 -0.233260 0.004618 
61 1.065438 0.000000 -1.266223 14.967642 0.000000 -0.090499 0.004273 
62 1.739375 0.000000 -0.638927 14.987228 0.000000 -0.226242 0.001475 
63 0.054531 0.000000 -0.325279 14.607969 0.000000 -0.104763 0.051539 
64 -0.282437 0.000000 -0.325279 14.838763 0.000000 0.103680 0.021335 
65 0.054531 0.000000 -0.638927 14.828028 0.000000 -0.083661 0.022767 
66 0.391500 0.000000 -0.325279 14.790464 0.000000 -0.426896 0.026933 
67 0.728469 0.000000 0.302017 15.040671 0.000000 -0.405498 -0.006161 
68 0.728469 0.000000 -0.011631 14.996171 0.000000 -0.206089 0.000322 
69 1.065438 0.000000 0.302017 15.018294 0.000000 -0.362776 -0.003026 
70 0.728469 0.000000 0.615665 15.068824 0.000000 -0.246577 -0.009468 
71 0.223016 0.000000 0.145193 15.649528 0.000000 -0.734445 -0.090876 
72 0.054531 0.000000 0.145193 15.876385 0.000000 0.024876 -0.120268 
73 0.223016 0.000000 -0.011631 14.772639 0.000000 -2.216053 0.008259 
74 0.391500 0.000000 0.145193 15.185170 0.000000 -0.719721 -0.027144 
75 0.223016 0.000000 0.302017 15.370741 0.000000 -0.358637 -0.050615 
76 0.728469 0.000000 -0.325279 14.954797 0.000000 -0.389067 0.005345 
77 0.728469 0.000000 -0.638927 14.929416 0.000000 -0.233354 0.009147 
78 1.065438 0.000000 -0.325279 14.976904 0.000000 -0.351750 0.002527 
79 0.223016 0.000000 -0.168455 14.377139 0.000000 -0.623440 0.079596 
80 0.054531 0.000000 -0.168455 14.242822 0.000000 -0.016023 0.098408 
81 0.223016 0.000000 -0.325279 14.650450 0.000000 -0.324020 0.045597 
82 0.391500 0.000000 -0.168455 14.782859 0.000000 -0.681338 0.026679 
83 0.559984 0.000000 0.145193 15.016903 0.000000 -0.599064 -0.003850 
84 0.559984 0.000000 -0.011631 14.932845 0.000000 -0.853722 0.005695 
85 0.728469 0.000000 0.145193 14.978219 0.000000 -0.461960 0.001954 
86 0.559984 0.000000 0.302017 15.092647 0.000000 -0.445284 -0.013272 
87 0.307258 0.000000 0.066781 15.274938 0.000000 -1.081073 -0.042189 
88 0.223016 0.000000 0.066781 15.785196 0.000000 -1.202917 -0.113864 
89 0.307258 0.000000 -0.011631 14.913474 0.000000 -1.242947 0.004637 
90 0.391500 0.000000 0.066781 15.099490 0.000000 -0.876598 -0.016724 
91 0.307258 0.000000 0.145193 15.359270 0.000000 -0.776747 -0.051158 
92 -3.652125 0.000000 1.242961 15.002806 0.000000 0.026462 -0.000377 
93 -5.000000 0.000000 1.242961 15.001252 0.000000 0.026015 -0.000170 
94 -3.652125 0.000000 -0.011631 15.000464 0.000000 0.027442 -0.000065 
95 -3.652125 0.000000 2.497553 15.003471 0.000000 0.025526 -0.000466 
96 -1.630312 0.000000 0.615665 15.012679 0.000000 0.033949 -0.001696 
97 -2.304250 0.000000 0.615665 15.005634 0.000000 0.031563 -0.000756 
98 -1.630312 0.000000 -0.011631 15.001610 0.000000 0.039513 -0.000222 
99 -1.630312 0.000000 1.242961 15.015534 0.000000 0.028640 -0.002076 
100 -0.619406 0.000000 0.302017 15.056642 0.000000 0.081201 -0.007596 
101 -0.956375 0.000000 0.302017 15.025067 0.000000 0.057618 -0.003360 
102 -0.619406 0.000000 -0.011631 15.000875 0.000000 0.107325 -0.000168 
103 -0.619406 0.000000 0.615665 15.068451 0.000000 0.041203 -0.009155 
104 -0.113953 0.000000 0.145193 15.357977 0.000000 0.340912 -0.048816 
105 -0.282437 0.000000 0.145193 15.123368 0.000000 0.202449 -0.016699 
106 -0.113953 0.000000 -0.011631 14.938853 0.000000 0.609424 0.006486 
107 -0.113953 0.000000 0.302017 15.298973 0.000000 0.074029 -0.040285 
108 0.138773 0.000000 0.066781 16.435224 0.000000 -0.695588 -0.202669 
109 0.054531 0.000000 0.066781 16.471569 0.000000 0.338323 -0.206343 
110 0.138773 0.000000 -0.011631 13.061447 0.000000 -0.826165 0.238738 
111 0.138773 0.000000 0.145193 15.886579 0.000000 -0.420717 -0.122491 
112 0.559984 0.000000 -0.168455 14.972807 0.000000 -0.597678 0.002035 
113 0.559984 0.000000 -0.325279 14.901320 0.000000 -0.427522 0.012302 
114 0.728469 0.000000 -0.168455 15.018870 0.000000 -0.430090 -0.003340 
115 0.307258 0.000000 -0.090043 14.638694 0.000000 -0.981151 0.043316 
116 0.223016 0.000000 -0.090043 14.190835 0.000000 -0.988256 0.100638 
117 0.307258 0.000000 -0.168455 14.621373 0.000000 -0.697096 0.047687 
118 0.391500 0.000000 -0.090043 14.836007 0.000000 -0.849975 0.018535 
119 0.265137 0.000000 0.027575 15.301390 0.000000 -1.467393 -0.050159 
120 0.223016 0.000000 0.027575 15.805409 0.000000 -1.647448 -0.122334 
121 0.265137 0.000000 -0.011631 14.826364 0.000000 -1.609350 0.011506 
122 0.307258 0.000000 0.027575 15.127131 0.000000 -1.212549 -0.023557 
123 0.265137 0.000000 0.066781 15.472032 0.000000 -1.191458 -0.070237 
124 -3.652125 0.000000 -1.266223 14.998000 0.000000 0.026726 0.000263 
125 -5.000000 0.000000 -1.266223 14.999215 0.000000 0.026133 0.000102 
126 -3.652125 0.000000 -2.520816 14.997083 0.000000 0.025894 0.000386 
127 -1.630312 0.000000 -0.638927 14.990262 0.000000 0.034841 0.001293 
128 -2.304250 0.000000 -0.638927 14.996222 0.000000 0.032005 0.000499 
129 -1.630312 0.000000 -1.266223 14.986572 0.000000 0.029959 0.001786 
130 -0.619406 0.000000 -0.325279 14.947279 0.000000 0.080727 0.006988 
131 -0.956375 0.000000 -0.325279 14.979276 0.000000 0.058306 0.002746 
132 -0.619406 0.000000 -0.638927 14.936798 0.000000 0.043087 0.008401 
133 -0.113953 0.000000 -0.168455 14.645967 0.000000 0.267378 0.046330 
134 -0.282437 0.000000 -0.168455 14.869413 0.000000 0.188879 0.017177 
135 -0.113953 0.000000 -0.325279 14.718777 0.000000 0.059328 0.037129 
136 0.138773 0.000000 -0.090043 13.794853 0.000000 -0.511857 0.153067 
137 0.054531 0.000000 -0.090043 13.825750 0.000000 0.165789 0.150316 
138 0.138773 0.000000 -0.168455 14.212412 0.000000 -0.357222 0.101688 
139 0.180895 0.000000 0.027575 16.404789 0.000000 -1.438690 -0.205275 
140 0.138773 0.000000 0.027575 16.857346 0.000000 -0.980680 -0.267253 
141 0.180895 0.000000 -0.011631 13.329102 0.000000 -1.344633 0.202342 
142 0.180895 0.000000 0.066781 16.139650 0.000000 -1.034027 -0.162478 
143 0.265137 0.000000 -0.050837 14.503947 0.000000 -1.311928 0.057397 
144 0.223016 0.000000 -0.050837 14.087095 0.000000 -1.305247 0.110445 
145 0.265137 0.000000 -0.090043 14.441386 0.000000 -1.039700 0.068291 
146 0.307258 0.000000 -0.050837 14.727470 0.000000 -1.153739 0.030091 
147 0.244076 0.000000 0.007972 15.335150 0.000000 -1.914320 -0.061473 
148 0.223016 0.000000 0.007972 15.809813 0.000000 -2.017189 -0.128974 
149 0.244076 0.000000 -0.011631 14.722836 0.000000 -2.426791 0.010439 
150 0.265137 0.000000 0.007972 15.109775 0.000000 -1.600920 -0.026081 
151 0.244076 0.000000 0.027575 15.508890 0.000000 -1.615344 -0.080600 
152 0.180895 0.000000 -0.050837 13.709445 0.000000 -1.035338 0.159907 
153 0.138773 0.000000 -0.050837 13.478083 0.000000 -0.648616 0.190758 
154 0.180895 0.000000 -0.090043 13.964287 0.000000 -0.790108 0.130553 
155 0.201955 0.000000 0.007972 16.244063 0.000000 -1.885240 -0.188550 
156 0.180895 0.000000 0.007972 14.903533 0.000000 -1.626309 0.001066 
157 0.201955 0.000000 -0.011631 13.521928 0.000000 -1.593515 0.176081 
158 0.201955 0.000000 0.027575 16.120026 0.000000 -1.585455 -0.166084 
159 -0.029711 0.000000 0.066781 15.643330 0.000000 0.777156 -0.090301 
160 -0.113953 0.000000 0.066781 15.234341 0.000000 0.540405 -0.032787 
161 -0.029711 0.000000 -0.011631 14.691056 0.000000 1.320216 0.033022 
162 -0.029711 0.000000 0.145193 15.610165 0.000000 0.309809 -0.083437 
163 0.096652 0.000000 0.027575 17.191688 0.000000 -0.292919 -0.313955 
164 0.054531 0.000000 0.027575 17.090851 0.000000 0.679330 -0.300261 
165 0.096652 0.000000 -0.011631 12.848322 0.000000 -0.236125 0.266066 
166 0.096652 0.000000 0.066781 16.588075 0.000000 -0.214268 -0.223156 
167 0.159834 0.000000 0.007972 14.964243 0.000000 -1.347650 -0.003310 
168 0.138773 0.000000 0.007972 15.000479 0.000000 -1.042833 -0.004897 
169 0.159834 0.000000 -0.011631 13.181093 0.000000 -1.073943 0.222691 
170 0.159834 0.000000 0.027575 16.647503 0.000000 -1.227743 -0.238430 
171 0.201955 0.000000 -0.031234 13.734895 0.000000 -1.388162 0.153003 
172 0.180895 0.000000 -0.031234 13.538126 0.000000 -1.185227 0.179175 
173 0.201955 0.000000 -0.050837 13.880219 0.000000 -1.191579 0.137421 
174 0.223016 0.000000 -0.031234 14.007102 0.000000 -1.552309 0.117295 
175 0.191425 0.000000 -0.001830 14.881300 0.000000 -1.763154 0.001947 
176 0.180895 0.000000 -0.001830 14.903533 0.000000 -1.626309 0.001066 
177 0.191425 0.000000 -0.011631 13.418312 0.000000 -1.469361 0.190177 
178 0.201955 0.000000 -0.001830 14.855201 0.000000 -1.913840 0.002934 
179 0.191425 0.000000 0.007972 14.894692 0.000000 -1.695632 0.001213 
180 -0.029711 0.000000 -0.090043 14.324966 0.000000 0.546814 0.086650 
181 -0.113953 0.000000 -0.090043 14.700199 0.000000 0.464758 0.038614 
182 -0.029711 0.000000 -0.168455 14.419183 0.000000 0.228333 0.075711 
183 0.096652 0.000000 -0.050837 13.376423 0.000000 -0.175332 0.204625 
184 0.054531 0.000000 -0.050837 13.472634 0.000000 0.350583 0.192734 
185 0.096652 0.000000 -0.090043 13.739084 0.000000 -0.176830 0.160917 
186 0.159834 0.000000 -0.031234 13.392238 0.000000 -0.962369 0.198764 
187 0.138773 0.000000 -0.031234 13.277734 0.000000 -0.733166 0.214063 
188 0.159834 0.000000 -0.050837 13.576203 0.000000 -0.853890 0.177589 
189 0.170364 0.000000 -0.001830 14.934570 0.000000 -1.487880 -0.001134 
190 0.159834 0.000000 -0.001830 14.964243 0.000000 -1.347650 -0.003310 
191 0.170364 0.000000 -0.011631 13.238888 0.000000 -1.209457 0.214529 
192 0.170364 0.000000 0.007972 14.934570 0.000000 -1.487880 -0.001134 
193 0.117713 0.000000 0.007972 15.044543 0.000000 -0.754290 -0.008477 
194 0.096652 0.000000 0.007972 15.078565 0.000000 -0.388492 -0.011174 
195 0.117713 0.000000 -0.011631 12.950802 0.000000 -0.558486 0.253177 
196 0.117713 0.000000 0.027575 17.042546 0.000000 -0.678255 -0.292926 
197 0.149304 0.000000 -0.001830 14.982252 0.000000 -1.204804 -0.004086 
198 0.138773 0.000000 -0.001830 14.998995 0.000000 -1.060859 -0.004868 
199 0.149304 0.000000 -0.011631 13.118587 0.000000 -0.952947 0.231087 
200 0.149304 0.000000 0.007972 14.984819 0.000000 -1.186911 -0.004238 
201 0.117713 0.000000 -0.031234 13.190708 0.000000 -0.479651 0.225667 
202 0.096652 0.000000 -0.031234 13.137157 0.000000 -0.187494 0.232800 
203 0.117713 0.000000 -0.050837 13.407546 0.000000 -0.422247 0.200264 
204 0.128243 0.000000 -0.001830 15.022021 0.000000 -0.916617 -0.006672 
205 0.117713 0.000000 -0.001830 15.043470 0.000000 -0.772320 -0.008455 
206 0.128243 0.000000 -0.011631 13.000950 0.000000 -0.694797 0.246634 
207 0.128243 0.000000 0.007972 15.026118 0.000000 -0.898635 -0.007075 
208 0.012410 0.000000 0.027575 16.308126 0.000000 1.385222 -0.190550 
209 -0.029711 0.000000 0.027575 15.420858 0.000000 1.202762 -0.063331 
210 0.012410 0.000000 -0.011631 13.392993 0.000000 1.470241 0.193183 
211 0.012410 0.000000 0.066781 16.085410 0.000000 0.722128 -0.152275 
212 0.075592 0.000000 0.007972 15.090689 0.000000 0.205397 -0.012316 
213 0.054531 0.000000 0.007972 15.057003 0.000000 0.838264 -0.010738 
214 0.075592 0.000000 -0.011631 12.806440 0.000000 0.158804 0.270977 
215 0.075592 0.000000 0.027575 17.228766 0.000000 0.187010 -0.319402 
216 0.107183 0.000000 -0.001830 15.058944 0.000000 -0.625312 -0.009612 
217 0.096652 0.000000 -0.001830 15.076943 0.000000 -0.420873 -0.011073 
218 0.107183 0.000000 -0.011631 12.897340 0.000000 -0.405773 0.259973 
219 0.107183 0.000000 0.007972 15.061525 0.000000 -0.606673 -0.009856 
220 0.012410 0.000000 -0.050837 13.845029 0.000000 0.777069 0.145384 
221 -0.029711 0.000000 -0.050837 14.351495 0.000000 0.864727 0.081275 
222 0.012410 0.000000 -0.090043 14.043788 0.000000 0.432518 0.122600 
223 0.075592 0.000000 -0.031234 13.136790 0.000000 0.130067 0.232924 
224 0.054531 0.000000 -0.031234 13.211868 0.000000 0.462324 0.223257 
225 0.075592 0.000000 -0.050837 13.395045 0.000000 0.087626 0.202511 
226 0.086122 0.000000 -0.001830 15.093379 0.000000 0.017229 -0.012491 
227 0.075592 0.000000 -0.001830 15.089331 0.000000 0.318381 -0.012397 
228 0.086122 0.000000 -0.011631 12.813245 0.000000 -0.045584 0.270305 
229 0.086122 0.000000 0.007972 15.089750 0.000000 -0.098468 -0.012046 
230 0.033471 0.000000 0.007972 14.964351 0.000000 1.429067 -0.004329 
231 0.012410 0.000000 0.007972 14.826775 0.000000 2.033831 0.004579 
232 0.033471 0.000000 -0.011631 13.045913 0.000000 1.016819 0.238979 
233 0.033471 0.000000 0.027575 16.777013 0.000000 1.108248 -0.256428 
234 -0.450922 0.000000 0.145193 15.058802 0.000000 0.138566 -0.007941 
235 -0.619406 0.000000 0.145193 15.033451 0.000000 0.099950 -0.004510 
236 -0.450922 0.000000 -0.011631 14.998215 0.000000 0.155452 0.000131 
237 -0.450922 0.000000 0.302017 15.093672 0.000000 0.098772 -0.012572 
238 -0.198195 0.000000 0.066781 15.111864 0.000000 0.343047 -0.015494 
239 -0.282437 0.000000 0.066781 15.065407 0.000000 0.244725 -0.009006 
240 -0.198195 0.000000 -0.011631 14.976873 0.000000 0.374684 0.002457 
241 -0.198195 0.000000 0.145193 15.196208 0.000000 0.257064 -0.026626 
242 -0.071832 0.000000 0.027575 15.177926 0.000000 0.830409 -0.026929 
243 -0.113953 0.000000 0.027575 15.099598 0.000000 0.599302 -0.014920 
244 -0.071832 0.000000 -0.011631 14.881353 0.000000 0.854598 0.012511 
245 -0.071832 0.000000 0.066781 15.378683 0.000000 0.674851 -0.053152 
246 -0.008650 0.000000 0.007972 15.422765 0.000000 2.039854 -0.075656 
247 -0.029711 0.000000 0.007972 15.100363 0.000000 1.380902 -0.021902 
248 -0.008650 0.000000 -0.011631 14.223455 0.000000 1.756903 0.087141 
249 -0.008650 0.000000 0.027575 15.776132 0.000000 1.411801 -0.115020 
250 0.033471 0.000000 -0.031234 13.387862 0.000000 0.789131 0.200633 
251 0.012410 0.000000 -0.031234 13.688416 0.000000 1.063982 0.162201 
252 0.033471 0.000000 -0.050837 13.620654 0.000000 0.591319 0.173903 
253 0.022940 0.000000 -0.001830 14.874002 0.000000 1.798917 0.002346 
254 0.012410 0.000000 -0.001830 14.826775 0.000000 2.033831 0.004579 
255 0.022940 0.000000 -0.011631 13.194001 0.000000 1.244250 0.219423 
256 0.033471 0.000000 -0.001830 14.952857 0.000000 1.493510 -0.003638 
257 0.022940 0.000000 0.007972 14.883025 0.000000 1.738765 0.002099 
258 4.435125 0.000000 -1.266223 14.999420 0.000000 -0.095212 0.000037 
259 4.435125 0.000000 -2.520816 14.997999 0.000000 -0.013866 0.000266 
260 5.783000 0.000000 -1.266223 14.999875 0.000000 -0.093906 -0.000023 
261 4.435125 0.000000 -0.011631 14.999627 0.000000 -0.377019 -0.000582 
262 2.413312 0.000000 -0.638927 14.994438 0.000000 -0.221702 0.000523 
263 2.413312 0.000000 -1.266223 14.992136 0.000000 -0.098031 0.001005 
264 3.087250 0.000000 -0.638927 14.997762 0.000000 -0.220404 0.000082 
265 2.413312 0.000000 -0.011631 15.000192 0.000000 -0.356441 -0.000590 
266 1.402406 0.000000 -0.325279 14.986961 0.000000 -0.340632 0.001222 
267 1.402406 0.000000 -0.638927 14.979151 0.000000 -0.229425 0.002544 
268 1.739375 0.000000 -0.325279 14.992412 0.000000 -0.346843 0.000477 
269 1.402406 0.000000 -0.011631 14.999349 0.000000 -0.335554 -0.000414 
270 0.896953 0.000000 -0.168455 14.986929 0.000000 -0.400369 0.001030 
271 0.896953 0.000000 -0.325279 14.969481 0.000000 -0.363092 0.003479 
272 1.065438 0.000000 -0.168455 14.986966 0.000000 -0.390531 0.001059 
273 0.896953 0.000000 -0.011631 14.993227 0.000000 -0.322825 0.000440 
274 4.435125 0.000000 1.242961 15.000464 0.000000 -0.103675 -0.000110 
275 5.783000 0.000000 1.242961 15.000231 0.000000 -0.102865 -0.000078 
276 4.435125 0.000000 2.497553 15.001708 0.000000 -0.015867 -0.000229 
277 2.413312 0.000000 0.615665 15.005327 0.000000 -0.229692 -0.000945 
278 3.087250 0.000000 0.615665 15.002202 0.000000 -0.227430 -0.000524 
279 2.413312 0.000000 1.242961 15.007544 0.000000 -0.105562 -0.001056 
280 1.402406 0.000000 0.302017 15.010417 0.000000 -0.348795 -0.001930 
281 1.739375 0.000000 0.302017 15.006298 0.000000 -0.341203 -0.001357 
282 1.402406 0.000000 0.615665 15.019415 0.000000 -0.238582 -0.002843 
283 0.896953 0.000000 0.145193 15.002039 0.000000 -0.418569 -0.001050 
284 1.065438 0.000000 0.145193 15.006227 0.000000 -0.405329 -0.001561 
285 0.896953 0.000000 0.302017 15.024894 0.000000 -0.377049 -0.003954 
286 0.812711 0.000000 -0.090043 14.995822 0.000000 -0.383327 -0.000096 
287 0.728469 0.000000 -0.090043 15.047273 0.000000 -0.344644 -0.006841 
288 0.812711 0.000000 -0.168455 14.994973 0.000000 -0.406663 -0.000065 
289 0.896953 0.000000 -0.090043 14.991591 0.000000 -0.388697 0.000449 
290 0.812711 0.000000 -0.011631 14.989939 0.000000 -0.310712 0.000912 
291 0.644227 0.000000 -0.090043 15.221039 0.000000 -0.509807 -0.030844 
292 0.559984 0.000000 -0.090043 15.032586 0.000000 -0.743231 -0.006805 
293 0.644227 0.000000 -0.168455 15.033465 0.000000 -0.509415 -0.005620 
294 0.644227 0.000000 -0.011631 14.433538 0.000000 -0.304796 0.073689 
295 0.812711 0.000000 0.066781 14.981072 0.000000 -0.420308 0.001737 
296 0.728469 0.000000 0.066781 14.929589 0.000000 -0.427468 0.008554 
297 0.896953 0.000000 0.066781 14.994400 0.000000 -0.419216 -0.000035 
298 0.812711 0.000000 0.145193 14.992504 0.000000 -0.430758 0.000175 
299 0.770590 0.000000 -0.050837 14.977958 0.000000 -0.299392 0.002538 
300 0.728469 0.000000 -0.050837 14.982509 0.000000 -0.215514 0.002124 
301 0.770590 0.000000 -0.090043 15.005427 0.000000 -0.369344 -0.001330 
302 0.812711 0.000000 -0.050837 14.991276 0.000000 -0.313599 0.000726 
303 0.770590 0.000000 -0.011631 14.998795 0.000000 -0.291565 -0.000217 
304 0.644227 0.000000 0.066781 14.860775 0.000000 -0.553474 0.017116 
305 0.559984 0.000000 0.066781 14.942993 0.000000 -0.704810 0.005379 
306 0.644227 0.000000 0.145193 14.976457 0.000000 -0.526103 0.001907 
307 0.686348 0.000000 -0.050837 15.205960 0.000000 -0.162458 -0.027767 
308 0.644227 0.000000 -0.050837 15.502300 0.000000 -0.330279 -0.068580 
309 0.686348 0.000000 -0.090043 15.144594 0.000000 -0.370040 -0.019981 
310 0.686348 0.000000 -0.011631 14.756094 0.000000 -0.148015 0.032159 
311 0.770590 0.000000 0.027575 14.970673 0.000000 -0.383501 0.003253 
312 0.728469 0.000000 0.027575 14.924404 0.000000 -0.356817 0.009488 
313 0.812711 0.000000 0.027575 14.983273 0.000000 -0.397975 0.001525 
314 0.770590 0.000000 0.066781 14.963842 0.000000 -0.419971 0.004031 
315 0.749529 0.000000 -0.031234 14.986124 0.000000 -0.043437 0.001841 
316 0.728469 0.000000 -0.031234 14.984595 0.000000 -0.054727 0.002040 
317 0.749529 0.000000 -0.050837 14.968380 0.000000 -0.271641 0.003884 
318 0.770590 0.000000 -0.031234 14.987955 0.000000 0.003377 0.001605 
319 0.749529 0.000000 -0.011631 15.008172 0.000000 -0.264322 -0.001400 
320 0.686348 0.000000 0.027575 14.816636 0.000000 -0.381480 0.023652 
321 0.644227 0.000000 0.027575 14.727777 0.000000 -0.529039 0.034723 
322 0.686348 0.000000 0.066781 14.884359 0.000000 -0.468048 0.014386 
323 0.707408 0.000000 -0.031234 14.983649 0.000000 0.001019 0.002179 
324 0.686348 0.000000 -0.031234 14.982233 0.000000 0.000997 0.002367 
325 0.707408 0.000000 -0.050837 15.077749 0.000000 -0.162219 -0.010510 
326 0.707408 0.000000 -0.011631 14.892491 0.000000 -0.148712 0.014185 
327 0.707408 0.000000 0.007972 14.875016 0.000000 -0.275822 0.016257 
328 0.686348 0.000000 0.007972 14.782085 0.000000 -0.289736 0.028471 
329 0.728469 0.000000 0.007972 14.943689 0.000000 -0.297456 0.007101 
330 0.707408 0.000000 0.027575 14.875927 0.000000 -0.357013 0.015908 
331 0.717938 0.000000 -0.021433 14.984513 0.000000 0.001174 0.002064 
332 0.707408 0.000000 -0.021433 14.984469 0.000000 0.001222 0.002070 
333 0.717938 0.000000 -0.031234 14.984490 0.000000 0.001015 0.002067 
334 0.728469 0.000000 -0.021433 14.984644 0.000000 0.001056 0.002046 
335 0.717938 0.000000 -0.011631 14.954017 0.000000 -0.169814 0.005993 
336 0.475742 0.000000 -0.090043 14.927780 0.000000 -0.766702 0.006994 
337 0.475742 0.000000 -0.168455 14.890259 0.000000 -0.643690 0.012737 
338 0.475742 0.000000 -0.011631 14.967571 0.000000 -0.835791 0.001215 
339 0.602105 0.000000 -0.050837 15.270819 0.000000 -0.930944 -0.040287 
340 0.559984 0.000000 -0.050837 15.014487 0.000000 -0.842069 -0.005084 
341 0.602105 0.000000 -0.090043 15.149250 0.000000 -0.688198 -0.022104 
342 0.602105 0.000000 -0.011631 14.679503 0.000000 -0.971348 0.038083 
343 0.665287 0.000000 -0.031234 14.981213 0.000000 0.000867 0.002503 
344 0.644227 0.000000 -0.031234 14.979162 0.000000 0.000679 0.002776 
345 0.665287 0.000000 -0.050837 15.344978 0.000000 -0.206971 -0.046716 
346 0.665287 0.000000 -0.011631 14.608936 0.000000 -0.188477 0.051304 
347 0.696878 0.000000 -0.021433 14.982298 0.000000 0.001143 0.002359 
348 0.686348 0.000000 -0.021433 14.982264 0.000000 0.001041 0.002363 
349 0.696878 0.000000 -0.031234 14.982281 0.000000 0.001092 0.002361 
350 0.696878 0.000000 -0.011631 14.825122 0.000000 -0.141839 0.023092 
351 0.475742 0.000000 0.066781 15.023723 0.000000 -0.766352 -0.005776 
352 0.475742 0.000000 0.145193 15.082585 0.000000 -0.656065 -0.012955 
353 0.602105 0.000000 0.027575 14.798018 0.000000 -0.720605 0.024442 
354 0.559984 0.000000 0.027575 14.913114 0.000000 -0.777898 0.008862 
355 0.602105 0.000000 0.066781 14.889865 0.000000 -0.646337 0.012774 
356 0.665287 0.000000 0.007972 14.685146 0.000000 -0.350157 0.040995 
357 0.644227 0.000000 0.007972 14.607163 0.000000 -0.473588 0.050696 
358 0.665287 0.000000 0.027575 14.760704 0.000000 -0.438655 0.030796 
359 0.675817 0.000000 -0.021433 14.982203 0.000000 0.000953 0.002372 
360 0.665287 0.000000 -0.021433 14.982168 0.000000 0.000911 0.002376 
361 0.675817 0.000000 -0.031234 14.982185 0.000000 0.000932 0.002374 
362 0.675817 0.000000 -0.011631 14.685368 0.000000 -0.162832 0.041393 
363 0.623166 0.000000 -0.031234 14.978390 0.000000 0.000321 0.002879 
364 0.602105 0.000000 -0.031234 15.019483 0.000000 -1.261342 -0.009670 
365 0.623166 0.000000 -0.050837 15.576997 0.000000 -0.657477 -0.080334 
366 0.623166 0.000000 -0.011631 14.322202 0.000000 -0.657475 0.086410 
367 0.654757 0.000000 -0.021433 14.485567 0.000000 -0.093145 0.067376 
368 0.644227 0.000000 -0.021433 14.978530 0.000000 0.000707 0.002861 
369 0.654757 0.000000 -0.031234 14.980025 0.000000 0.000721 0.002662 
370 0.654757 0.000000 -0.011631 14.525254 0.000000 -0.230869 0.062061 
371 0.244076 0.000000 -0.031234 14.346862 0.000000 -1.610320 0.073664 
372 0.244076 0.000000 -0.050837 14.312294 0.000000 -1.348752 0.081507 
373 0.265137 0.000000 -0.031234 14.610109 0.000000 -1.471031 0.041692 
374 0.349379 0.000000 0.027575 15.063873 0.000000 -1.044341 -0.013382 
375 0.349379 0.000000 -0.011631 14.943461 0.000000 -1.057921 0.002550 
376 0.391500 0.000000 0.027575 15.032079 0.000000 -0.934395 -0.008162 
377 0.349379 0.000000 0.066781 15.159222 0.000000 -0.954951 -0.025395 
378 0.286197 0.000000 0.007972 15.048690 0.000000 -1.406992 -0.015301 
379 0.286197 0.000000 -0.011631 14.883128 0.000000 -1.400642 0.006803 
380 0.307258 0.000000 0.007972 15.024472 0.000000 -1.250596 -0.010217 
381 0.286197 0.000000 0.027575 15.190696 0.000000 -1.342723 -0.033601 
382 0.254606 0.000000 -0.001830 14.996264 0.000000 -1.824867 -0.014303 
383 0.244076 0.000000 -0.001830 14.722836 0.000000 -2.426791 0.010439 
384 0.254606 0.000000 -0.011631 14.759065 0.000000 -1.797057 0.017514 
385 0.265137 0.000000 -0.001830 14.973157 0.000000 -1.630174 -0.008235 
386 0.254606 0.000000 0.007972 15.184754 0.000000 -1.748885 -0.038379 
387 0.349379 0.000000 -0.050837 14.836027 0.000000 -1.004972 0.017255 
388 0.349379 0.000000 -0.090043 14.763805 0.000000 -0.905134 0.027604 
389 0.391500 0.000000 -0.050837 14.889363 0.000000 -0.918381 0.010949 
390 1.233922 0.000000 -0.168455 14.989972 0.000000 -0.382589 0.000686 
391 1.233922 0.000000 -0.325279 14.982674 0.000000 -0.345196 0.001779 
392 1.402406 0.000000 -0.168455 14.992495 0.000000 -0.376406 0.000371 
393 1.233922 0.000000 -0.011631 14.998715 0.000000 -0.332135 -0.000319 
394 0.981195 0.000000 -0.090043 14.991350 0.000000 -0.385557 0.000492 
395 0.981195 0.000000 -0.168455 14.986022 0.000000 -0.395096 0.001169 
396 1.065438 0.000000 -0.090043 14.992331 0.000000 -0.380270 0.000380 
397 0.981195 0.000000 -0.011631 14.995861 0.000000 -0.328145 0.000073 
398 2.076344 0.000000 -0.325279 14.995053 0.000000 -0.343080 0.000136 
399 2.076344 0.000000 -0.638927 14.991773 0.000000 -0.223588 0.000875 
400 2.413312 0.000000 -0.325279 14.996488 0.000000 -0.339863 -0.000045 
401 2.076344 0.000000 -0.011631 14.999983 0.000000 -0.350261 -0.000543 
402 1.570891 0.000000 -0.168455 14.994321 0.000000 -0.371548 0.000143 
403 1.570891 0.000000 -0.325279 14.990215 0.000000 -0.350783 0.000757 
404 1.739375 0.000000 -0.168455 14.995651 0.000000 -0.367636 -0.000021 
405 1.570891 0.000000 -0.011631 14.999643 0.000000 -0.339377 -0.000464 
406 2.076344 0.000000 0.302017 15.004417 0.000000 -0.351520 -0.001138 
407 2.413312 0.000000 0.302017 15.003039 0.000000 -0.353565 -0.000961 
408 2.076344 0.000000 0.615665 15.007873 0.000000 -0.231658 -0.001289 
409 1.907859 0.000000 -0.168455 14.996608 0.000000 -0.364379 -0.000138 
410 1.907859 0.000000 -0.325279 14.993939 0.000000 -0.344735 0.000280 
411 2.076344 0.000000 -0.168455 14.997305 0.000000 -0.361580 -0.000222 
412 1.907859 0.000000 -0.011631 14.999934 0.000000 -0.346960 -0.000526 
413 3.761188 0.000000 -0.638927 14.999480 0.000000 -0.219382 -0.000145 
414 3.761188 0.000000 -1.266223 14.998353 0.000000 -0.096206 0.000178 
415 4.435125 0.000000 -0.638927 15.000285 0.000000 -0.218598 -0.000250 
416 3.761188 0.000000 -0.011631 14.999483 0.000000 -0.372930 -0.000549 
417 2.750281 0.000000 -0.325279 14.997449 0.000000 -0.337930 -0.000167 
418 2.750281 0.000000 -0.638927 14.996204 0.000000 -0.220962 0.000289 
419 3.087250 0.000000 -0.325279 14.998373 0.000000 -0.336810 -0.000287 
420 2.750281 0.000000 -0.011631 15.000335 0.000000 -0.362062 -0.000627 
421 2.244828 0.000000 -0.168455 14.997859 0.000000 -0.359099 -0.000288 
422 2.244828 0.000000 -0.325279 14.995889 0.000000 -0.341749 0.000029 
423 2.413312 0.000000 -0.168455 14.998321 0.000000 -0.371789 -0.000390 
424 2.244828 0.000000 -0.011631 15.000057 0.000000 -0.353482 -0.000563 
425 3.761188 0.000000 0.615665 15.000613 0.000000 -0.226368 -0.000309 
426 4.435125 0.000000 0.615665 14.999981 0.000000 -0.226139 -0.000225 
427 3.761188 0.000000 1.242961 15.001490 0.000000 -0.104403 -0.000247 
428 3.424219 0.000000 -0.325279 14.998919 0.000000 -0.335817 -0.000357 
429 3.424219 0.000000 -0.638927 14.998823 0.000000 -0.221027 -0.000060 
430 3.761188 0.000000 -0.325279 14.999264 0.000000 -0.335811 -0.000403 
431 3.424219 0.000000 -0.011631 14.999437 0.000000 -0.370068 -0.000534 
432 2.750281 0.000000 0.302017 15.001916 0.000000 -0.351577 -0.000805 
433 3.087250 0.000000 0.302017 15.000989 0.000000 -0.341796 -0.000651 
434 2.750281 0.000000 0.615665 15.003555 0.000000 -0.228474 -0.000706 
435 2.918766 0.000000 -0.168455 14.999224 0.000000 -0.349754 -0.000440 
436 2.750281 0.000000 -0.168455 14.999126 0.000000 -0.351971 -0.000434 
437 2.918766 0.000000 -0.325279 14.997934 0.000000 -0.337264 -0.000230 
438 3.087250 0.000000 -0.168455 14.999243 0.000000 -0.348382 -0.000438 
439 2.918766 0.000000 -0.011631 14.999993 0.000000 -0.364625 -0.000590 
440 5.109063 0.000000 -0.638927 15.000699 0.000000 -0.219291 -0.000307 
441 5.109063 0.000000 -1.266223 14.999822 0.000000 -0.094515 -0.000016 
442 5.783000 0.000000 -0.638927 15.000610 0.000000 -0.217389 -0.000291 
443 5.109063 0.000000 -0.011631 15.000903 0.000000 -0.380536 -0.000764 
444 4.098156 0.000000 -0.325279 14.999614 0.000000 -0.341865 -0.000468 
445 4.098156 0.000000 -0.638927 14.999893 0.000000 -0.219295 -0.000199 
446 4.435125 0.000000 -0.325279 15.000014 0.000000 -0.338703 -0.000512 
447 4.098156 0.000000 -0.011631 14.999542 0.000000 -0.375160 -0.000565 
448 3.424219 0.000000 0.302017 15.000294 0.000000 -0.337911 -0.000547 
449 3.761188 0.000000 0.302017 15.000533 0.000000 -0.337967 -0.000579 
450 3.424219 0.000000 0.615665 15.001224 0.000000 -0.226760 -0.000392 
451 3.592703 0.000000 -0.168455 14.999595 0.000000 -0.345363 -0.000476 
452 3.424219 0.000000 -0.168455 14.999470 0.000000 -0.346179 -0.000462 
453 3.592703 0.000000 -0.325279 14.999096 0.000000 -0.335600 -0.000380 
454 3.761188 0.000000 -0.168455 14.999709 0.000000 -0.344395 -0.000488 
455 3.592703 0.000000 -0.011631 14.999454 0.000000 -0.371641 -0.000541 
456 5.109063 0.000000 0.615665 14.999994 0.000000 -0.226440 -0.000227 
457 5.783000 0.000000 0.615665 15.000249 0.000000 -0.227064 -0.000262 
458 5.109063 0.000000 1.242961 15.000170 0.000000 -0.103119 -0.000070 
459 4.772094 0.000000 -0.325279 15.000353 0.000000 -0.338685 -0.000557 
460 4.772094 0.000000 -0.638927 15.000495 0.000000 -0.218504 -0.000278 
461 5.109063 0.000000 -0.325279 15.001295 0.000000 -0.338126 -0.000681 
462 4.772094 0.000000 -0.011631 14.999902 0.000000 -0.378588 -0.000624 
463 4.098156 0.000000 0.302017 15.000380 0.000000 -0.337269 -0.000556 
464 4.435125 0.000000 0.302017 15.000211 0.000000 -0.326173 -0.000501 
465 4.098156 0.000000 0.615665 15.000208 0.000000 -0.226162 -0.000255 
466 4.266641 0.000000 -0.168455 15.000042 0.000000 -0.341345 -0.000523 
467 4.098156 0.000000 -0.168455 14.999929 0.000000 -0.342240 -0.000511 
468 4.266641 0.000000 -0.325279 14.999751 0.000000 -0.341966 -0.000487 
469 4.435125 0.000000 -0.168455 15.000153 0.000000 -0.340270 -0.000535 
470 4.266641 0.000000 -0.011631 14.999578 0.000000 -0.376130 -0.000573 
471 5.446031 0.000000 -0.325279 15.002087 0.000000 -0.312248 -0.000712 
472 5.446031 0.000000 -0.638927 15.000794 0.000000 -0.218895 -0.000319 
473 5.783000 0.000000 -0.325279 15.001304 0.000000 -0.310474 -0.000602 
474 5.446031 0.000000 -0.011631 15.001725 0.000000 -0.397660 -0.000933 
475 4.772094 0.000000 0.302017 15.000290 0.000000 -0.325257 -0.000509 
476 5.109063 0.000000 0.302017 15.000469 0.000000 -0.325626 -0.000534 
477 4.772094 0.000000 0.615665 14.999916 0.000000 -0.226231 -0.000216 
478 4.940578 0.000000 -0.168455 15.001087 0.000000 -0.336766 -0.000649 
479 4.772094 0.000000 -0.168455 15.000549 0.000000 -0.337992 -0.000581 
480 4.940578 0.000000 -0.325279 15.000715 0.000000 -0.338031 -0.000603 
481 5.109063 0.000000 -0.168455 15.001969 0.000000 -0.335335 -0.000762 
482 4.940578 0.000000 -0.011631 15.000293 0.000000 -0.379405 -0.000679 
483 5.446031 0.000000 0.302017 15.000442 0.000000 -0.334884 -0.000557 
484 5.783000 0.000000 0.302017 15.000505 0.000000 -0.313482 -0.000504 
485 5.446031 0.000000 0.615665 15.000129 0.000000 -0.226683 -0.000246 
486 5.277547 0.000000 -0.168455 15.002931 0.000000 -0.333727 -0.000886 
487 5.277547 0.000000 -0.325279 15.001759 0.000000 -0.333910 -0.000730 
488 5.446031 0.000000 -0.168455 15.003259 0.000000 -0.344583 -0.000962 
489 5.277547 0.000000 -0.011631 15.001533 0.000000 -0.382190 -0.000854 
490 4.940578 0.000000 0.145193 15.000148 0.000000 -0.364349 -0.000610 
491 4.772094 0.000000 0.145193 14.999936 0.000000 -0.364362 -0.000582 
492 5.109063 0.000000 0.145193 15.000405 0.000000 -0.364382 -0.000644 
493 4.940578 0.000000 0.302017 15.000357 0.000000 -0.326292 -0.000521 
494 5.024820 0.000000 -0.090043 15.003366 0.000000 -0.186292 -0.000603 
495 4.940578 0.000000 -0.090043 15.003134 0.000000 -0.177304 -0.000558 
496 5.024820 0.000000 -0.168455 15.001515 0.000000 -0.336082 -0.000704 
497 5.109063 0.000000 -0.090043 15.003597 0.000000 -0.194187 -0.000647 
498 5.024820 0.000000 -0.011631 15.000588 0.000000 -0.379918 -0.000720 
499 5.277547 0.000000 0.145193 15.000681 0.000000 -0.367789 -0.000692 
500 5.446031 0.000000 0.145193 15.000698 0.000000 -0.377876 -0.000728 
501 5.277547 0.000000 0.302017 15.000567 0.000000 -0.331797 -0.000565 
502 5.193305 0.000000 -0.090043 15.003936 0.000000 -0.201431 -0.000705 
503 5.193305 0.000000 -0.168455 15.002454 0.000000 -0.334540 -0.000825 
504 5.277547 0.000000 -0.090043 15.004256 0.000000 -0.208440 -0.000761 
505 5.193305 0.000000 -0.011631 15.001229 0.000000 -0.381266 -0.000810 
506 5.193305 0.000000 0.066781 15.000764 0.000000 -0.379009 -0.000740 
507 5.109063 0.000000 0.066781 15.000550 0.000000 -0.378716 -0.000711 
508 5.277547 0.000000 0.066781 15.000960 0.000000 -0.379775 -0.000769 
509 5.193305 0.000000 0.145193 15.000569 0.000000 -0.364658 -0.000667 
510 5.151184 0.000000 -0.050837 15.001582 0.000000 -0.358765 -0.000783 
511 5.109063 0.000000 -0.050837 15.001399 0.000000 -0.357844 -0.000756 
512 5.151184 0.000000 -0.090043 15.003759 0.000000 -0.197862 -0.000675 
513 5.193305 0.000000 -0.050837 15.001772 0.000000 -0.359699 -0.000811 
514 5.151184 0.000000 -0.011631 15.001065 0.000000 -0.380886 -0.000787 
515 5.614516 0.000000 -0.168455 15.002692 0.000000 -0.318820 -0.000811 
516 5.614516 0.000000 -0.325279 15.001825 0.000000 -0.310083 -0.000671 
517 5.783000 0.000000 -0.168455 15.001708 0.000000 -0.320648 -0.000685 
518 5.614516 0.000000 -0.011631 15.001565 0.000000 -0.374186 -0.000831 
519 5.361789 0.000000 -0.090043 15.004443 0.000000 -0.232921 -0.000834 
520 5.361789 0.000000 -0.168455 15.003305 0.000000 -0.347881 -0.000979 
521 5.446031 0.000000 -0.090043 15.004300 0.000000 -0.234703 -0.000818 
522 5.361789 0.000000 -0.011631 15.001741 0.000000 -0.387667 -0.000900 
523 5.614516 0.000000 0.145193 15.000752 0.000000 -0.354872 -0.000660 
524 5.783000 0.000000 0.145193 15.000689 0.000000 -0.355275 -0.000653 
525 5.614516 0.000000 0.302017 15.000505 0.000000 -0.311871 -0.000500 
526 5.530273 0.000000 -0.090043 15.003768 0.000000 -0.240465 -0.000759 
527 5.530273 0.000000 -0.168455 15.003101 0.000000 -0.319687 -0.000868 
528 5.614516 0.000000 -0.090043 15.002933 0.000000 -0.219537 -0.000605 
529 5.530273 0.000000 -0.011631 15.001659 0.000000 -0.397719 -0.000924 
530 0.854832 0.000000 -0.050837 14.993300 0.000000 -0.313505 0.000456 
531 0.854832 0.000000 -0.090043 14.992796 0.000000 -0.387786 0.000292 
532 0.896953 0.000000 -0.050837 14.993998 0.000000 -0.310016 0.000373 
533 0.854832 0.000000 -0.011631 14.991374 0.000000 -0.318526 0.000699 
534 0.791650 0.000000 -0.031234 14.992891 0.000000 -0.067894 0.000927 
535 0.791650 0.000000 -0.050837 14.987065 0.000000 -0.309957 0.001297 
536 0.812711 0.000000 -0.031234 14.994805 0.000000 -0.059399 0.000677 
537 0.791650 0.000000 -0.011631 14.991848 0.000000 -0.303591 0.000677 
538 1.233922 0.000000 0.145193 15.005554 0.000000 -0.396861 -0.001441 
539 1.402406 0.000000 0.145193 15.004348 0.000000 -0.390723 -0.001258 
540 1.233922 0.000000 0.302017 15.013741 0.000000 -0.354489 -0.002392 
541 0.981195 0.000000 0.066781 14.999209 0.000000 -0.415800 -0.000663 
542 1.065438 0.000000 0.066781 15.000860 0.000000 -0.411505 -0.000867 
543 0.981195 0.000000 0.145193 15.005402 0.000000 -0.411046 -0.001471 
544 0.939074 0.000000 -0.050837 14.994529 0.000000 -0.306591 0.000312 
545 0.939074 0.000000 -0.090043 14.991179 0.000000 -0.387660 0.000508 
546 0.981195 0.000000 -0.050837 14.995253 0.000000 -0.300419 0.000232 
547 0.939074 0.000000 -0.011631 14.994780 0.000000 -0.326788 0.000221 
548 0.939074 0.000000 0.027575 14.995413 0.000000 -0.404638 -0.000116 
549 0.896953 0.000000 0.027575 14.992944 0.000000 -0.404753 0.000213 
550 0.981195 0.000000 0.027575 14.996968 0.000000 -0.403444 -0.000319 
551 0.939074 0.000000 0.066781 14.997416 0.000000 -0.417756 -0.000431 
552 0.918014 0.000000 -0.031234 14.996960 0.000000 -0.080587 0.000376 
553 0.896953 0.000000 -0.031234 14.996490 0.000000 -0.075535 0.000443 
554 0.918014 0.000000 -0.050837 14.994233 0.000000 -0.308753 0.000345 
555 0.939074 0.000000 -0.031234 14.997295 0.000000 -0.085211 0.000328 
556 0.918014 0.000000 -0.011631 14.994072 0.000000 -0.325210 0.000320 
557 0.854832 0.000000 0.027575 14.989270 0.000000 -0.402947 0.000708 
558 0.854832 0.000000 0.066781 14.988743 0.000000 -0.418738 0.000721 
559 0.875893 0.000000 -0.031234 14.996295 0.000000 -0.069042 0.000473 
560 0.854832 0.000000 -0.031234 14.995834 0.000000 -0.066539 0.000536 
561 0.875893 0.000000 -0.050837 14.993820 0.000000 -0.310607 0.000395 
562 0.875893 0.000000 -0.011631 14.992221 0.000000 -0.319539 0.000583 
563 0.918014 0.000000 0.007972 14.993846 0.000000 -0.384133 0.000165 
564 0.896953 0.000000 0.007972 14.992797 0.000000 -0.383945 0.000305 
565 0.939074 0.000000 0.007972 14.994856 0.000000 -0.384858 0.000027 
566 0.918014 0.000000 0.027575 14.994445 0.000000 -0.405342 0.000010 
567 0.907483 0.000000 -0.021433 14.994565 0.000000 -0.233163 0.000483 
568 0.896953 0.000000 -0.021433 14.994216 0.000000 -0.230410 0.000535 
569 0.907483 0.000000 -0.031234 14.996727 0.000000 -0.078533 0.000409 
570 0.918014 0.000000 -0.021433 14.994873 0.000000 -0.234904 0.000438 
571 0.907483 0.000000 -0.011631 14.993687 0.000000 -0.324517 0.000374 
572 0.875893 0.000000 0.007972 14.991174 0.000000 -0.380904 0.000532 
573 0.854832 0.000000 0.007972 14.990034 0.000000 -0.381278 0.000682 
574 0.875893 0.000000 0.027575 14.990811 0.000000 -0.402402 0.000505 
575 0.886423 0.000000 -0.021433 14.993853 0.000000 -0.227188 0.000590 
576 0.875893 0.000000 -0.021433 14.993529 0.000000 -0.224015 0.000640 
577 0.886423 0.000000 -0.031234 14.996294 0.000000 -0.072159 0.000471 
578 0.886423 0.000000 -0.011631 14.992699 0.000000 -0.320684 0.000516 
579 1.739375 0.000000 -3.775408 14.993647 0.000000 0.009059 0.000846 
580 0.391500 0.000000 -3.775408 14.991928 0.000000 0.014111 0.001075 
581 1.739375 0.000000 -5.030000 14.996079 0.000000 0.017034 0.000521 
582 3.087250 0.000000 -3.775408 14.996048 0.000000 0.006607 0.000527 
583 1.065438 0.000000 -1.893519 14.978145 0.000000 -0.035885 0.002906 
584 0.391500 0.000000 -1.893519 14.970832 0.000000 -0.019471 0.003884 
585 1.065438 0.000000 -2.520816 14.985446 0.000000 -0.005974 0.001939 
586 1.739375 0.000000 -1.893519 14.986333 0.000000 -0.036338 0.001816 
587 0.728469 0.000000 -0.952575 14.941163 0.000000 -0.135723 0.007748 
588 0.391500 0.000000 -0.952575 14.915095 0.000000 -0.105510 0.011239 
589 0.728469 0.000000 -1.266223 14.955248 0.000000 -0.079330 0.005930 
590 1.065438 0.000000 -0.952575 14.962872 0.000000 -0.146562 0.004849 
591 0.896953 0.000000 -0.482103 14.955360 0.000000 -0.292859 0.005562 
592 0.728469 0.000000 -0.482103 14.933070 0.000000 -0.316585 0.008459 
593 0.896953 0.000000 -0.638927 14.949914 0.000000 -0.234687 0.006422 
594 1.065438 0.000000 -0.482103 14.968284 0.000000 -0.285952 0.003861 
595 0.981195 0.000000 -0.246867 14.979872 0.000000 -0.379964 0.002040 
596 0.896953 0.000000 -0.246867 14.978816 0.000000 -0.387041 0.002157 
597 0.981195 0.000000 -0.325279 14.973435 0.000000 -0.356435 0.002974 
598 1.065438 0.000000 -0.246867 14.981858 0.000000 -0.375044 0.001792 
599 0.939074 0.000000 -0.129249 14.988826 0.000000 -0.398458 0.000784 
600 0.896953 0.000000 -0.129249 14.989908 0.000000 -0.399820 0.000635 
601 0.939074 0.000000 -0.168455 14.985993 0.000000 -0.397753 0.001164 
602 0.981195 0.000000 -0.129249 14.988666 0.000000 -0.396467 0.000812 
603 0.918014 0.000000 -0.070440 14.992474 0.000000 -0.368811 0.000399 
604 0.896953 0.000000 -0.070440 14.992425 0.000000 -0.369789 0.000402 
605 0.918014 0.000000 -0.090043 14.991160 0.000000 -0.388834 0.000506 
606 0.939074 0.000000 -0.070440 14.992458 0.000000 -0.368452 0.000402 
607 0.907483 0.000000 -0.041036 14.995756 0.000000 -0.214433 0.000361 
608 0.896953 0.000000 -0.041036 14.995556 0.000000 -0.215516 0.000386 
609 0.907483 0.000000 -0.050837 14.994077 0.000000 -0.309928 0.000363 
610 0.918014 0.000000 -0.041036 14.995985 0.000000 -0.212366 0.000335 
611 0.902218 0.000000 -0.026333 14.995389 0.000000 -0.147556 0.000518 
612 0.896953 0.000000 -0.026333 14.995240 0.000000 -0.145185 0.000541 
613 0.902218 0.000000 -0.031234 14.996607 0.000000 -0.077498 0.000426 
614 0.907483 0.000000 -0.026333 14.995527 0.000000 -0.148979 0.000498 
615 0.902218 0.000000 -0.021433 14.994405 0.000000 -0.232259 0.000506 
616 1.149680 0.000000 -0.090043 14.993452 0.000000 -0.374965 0.000248 
617 1.149680 0.000000 -0.168455 14.988460 0.000000 -0.386401 0.000875 
618 1.233922 0.000000 -0.090043 14.994491 0.000000 -0.369796 0.000127 
619 1.149680 0.000000 -0.011631 14.998152 0.000000 -0.330740 -0.000240 
620 1.023316 0.000000 -0.050837 14.996023 0.000000 -0.293135 0.000148 
621 1.023316 0.000000 -0.090043 14.991814 0.000000 -0.382893 0.000440 
622 1.065438 0.000000 -0.050837 14.996669 0.000000 -0.285626 0.000081 
623 1.023316 0.000000 -0.011631 14.996652 0.000000 -0.328742 -0.000034 
624 1.149680 0.000000 0.066781 15.001442 0.000000 -0.407692 -0.000931 
625 1.233922 0.000000 0.066781 15.001553 0.000000 -0.404311 -0.000934 
626 1.149680 0.000000 0.145193 15.006069 0.000000 -0.400721 -0.001523 
627 1.107559 0.000000 -0.050837 14.997244 0.000000 -0.277742 0.000025 
628 1.107559 0.000000 -0.090043 14.992892 0.000000 -0.377605 0.000314 
629 1.149680 0.000000 -0.050837 14.997759 0.000000 -0.269635 -0.000024 
630 1.107559 0.000000 -0.011631 14.997767 0.000000 -0.330104 -0.000187 
631 1.023316 0.000000 0.027575 14.997951 0.000000 -0.401954 -0.000445 
632 1.065438 0.000000 0.027575 14.998642 0.000000 -0.400452 -0.000532 
633 1.023316 0.000000 0.066781 15.000207 0.000000 -0.413539 -0.000788 
634 1.044377 0.000000 -0.031234 14.999133 0.000000 -0.107476 0.000064 
635 1.023316 0.000000 -0.031234 14.998871 0.000000 -0.102556 0.000104 
636 1.044377 0.000000 -0.050837 14.996355 0.000000 -0.289530 0.000113 
637 1.065438 0.000000 -0.031234 14.999379 0.000000 -0.112163 0.000027 
638 1.044377 0.000000 -0.011631 14.996987 0.000000 -0.329223 -0.000080 
639 1.002256 0.000000 -0.031234 14.998526 0.000000 -0.097777 0.000154 
640 0.981195 0.000000 -0.031234 14.998053 0.000000 -0.093690 0.000221 
641 1.002256 0.000000 -0.050837 14.995656 0.000000 -0.296761 0.000188 
642 1.002256 0.000000 -0.011631 14.996276 0.000000 -0.328358 0.000017 
643 1.107559 0.000000 0.027575 14.999106 0.000000 -0.398826 -0.000588 
644 1.149680 0.000000 0.027575 14.999420 0.000000 -0.397447 -0.000625 
645 1.107559 0.000000 0.066781 15.001238 0.000000 -0.409550 -0.000911 
646 1.044377 0.000000 0.007972 14.997446 0.000000 -0.382817 -0.000311 
647 1.023316 0.000000 0.007972 14.997083 0.000000 -0.383298 -0.000264 
648 1.065438 0.000000 0.007972 14.997753 0.000000 -0.382310 -0.000350 
649 1.044377 0.000000 0.027575 14.998331 0.000000 -0.401209 -0.000493 
650 1.033847 0.000000 -0.021433 14.997211 0.000000 -0.249291 0.000096 
651 1.023316 0.000000 -0.021433 14.997047 0.000000 -0.248031 0.000120 
652 1.033847 0.000000 -0.031234 14.999008 0.000000 -0.105074 0.000083 
653 1.044377 0.000000 -0.021433 14.997362 0.000000 -0.250427 0.000073 
654 1.033847 0.000000 -0.011631 14.996826 0.000000 -0.329041 -0.000058 
655 1.318164 0.000000 -0.090043 14.995391 0.000000 -0.365175 0.000022 
656 1.318164 0.000000 -0.168455 14.991320 0.000000 -0.379428 0.000517 
657 1.402406 0.000000 -0.090043 14.996144 0.000000 -0.360664 -0.000064 
658 1.318164 0.000000 -0.011631 14.999096 0.000000 -0.333762 -0.000375 
659 1.191801 0.000000 -0.050837 14.998142 0.000000 -0.261743 -0.000057 
660 1.191801 0.000000 -0.090043 14.993988 0.000000 -0.372391 0.000185 
661 1.233922 0.000000 -0.050837 14.998560 0.000000 -0.253729 -0.000094 
662 1.191801 0.000000 -0.011631 14.998466 0.000000 -0.331521 -0.000284 
663 1.570891 0.000000 0.145193 15.003333 0.000000 -0.386057 -0.001107 
664 1.739375 0.000000 0.145193 15.002583 0.000000 -0.382426 -0.000994 
665 1.570891 0.000000 0.302017 15.008024 0.000000 -0.344535 -0.001598 
666 1.486648 0.000000 -0.090043 14.996782 0.000000 -0.356620 -0.000136 
667 1.486648 0.000000 -0.168455 14.993473 0.000000 -0.373955 0.000249 
668 1.570891 0.000000 -0.090043 14.997324 0.000000 -0.352580 -0.000196 
669 1.486648 0.000000 -0.011631 14.999516 0.000000 -0.337543 -0.000442 
670 1.486648 0.000000 0.066781 15.001165 0.000000 -0.396596 -0.000854 
671 1.402406 0.000000 0.066781 15.001329 0.000000 -0.398818 -0.000884 
672 1.570891 0.000000 0.066781 15.001014 0.000000 -0.394673 -0.000827 
673 1.486648 0.000000 0.145193 15.003805 0.000000 -0.388234 -0.001177 
674 1.444527 0.000000 -0.050837 15.000162 0.000000 -0.216168 -0.000229 
675 1.402406 0.000000 -0.050837 14.999884 0.000000 -0.223513 -0.000207 
676 1.444527 0.000000 -0.090043 14.996476 0.000000 -0.358554 -0.000102 
677 1.486648 0.000000 -0.050837 15.000432 0.000000 -0.209034 -0.000252 
678 1.444527 0.000000 -0.011631 14.999437 0.000000 -0.336485 -0.000428 
679 1.655133 0.000000 -0.090043 14.997806 0.000000 -0.348914 -0.000249 
680 1.655133 0.000000 -0.168455 14.995042 0.000000 -0.369494 0.000054 
681 1.739375 0.000000 -0.090043 14.998210 0.000000 -0.345135 -0.000291 
682 1.655133 0.000000 -0.011631 14.999758 0.000000 -0.341448 -0.000486 
683 1.907859 0.000000 0.145193 15.002026 0.000000 -0.379540 -0.000910 
684 2.076344 0.000000 0.145193 15.001596 0.000000 -0.377183 -0.000845 
685 1.907859 0.000000 0.302017 15.005029 0.000000 -0.338528 -0.001180 
686 1.823617 0.000000 -0.090043 14.998562 0.000000 -0.341667 -0.000327 
687 1.823617 0.000000 -0.168455 14.996169 0.000000 -0.365939 -0.000084 
688 1.907859 0.000000 -0.090043 14.998860 0.000000 -0.338015 -0.000356 
689 1.823617 0.000000 -0.011631 14.999895 0.000000 -0.345277 -0.000516 
690 1.992102 0.000000 -0.090043 14.999109 0.000000 -0.334521 -0.000379 
691 1.992102 0.000000 -0.168455 14.996978 0.000000 -0.362927 -0.000182 
692 2.076344 0.000000 -0.090043 14.999352 0.000000 -0.331027 -0.000401 
693 1.992102 0.000000 -0.011631 14.999951 0.000000 -0.348646 -0.000534 
694 2.244828 0.000000 0.145193 15.001282 0.000000 -0.375433 -0.000797 
695 2.413312 0.000000 0.145193 15.001081 0.000000 -0.373835 -0.000765 
696 2.244828 0.000000 0.302017 15.003740 0.000000 -0.355528 -0.001061 
697 2.160586 0.000000 -0.090043 14.999579 0.000000 -0.327498 -0.000421 
698 2.160586 0.000000 -0.168455 14.997595 0.000000 -0.360311 -0.000256 
699 2.244828 0.000000 -0.090043 14.999810 0.000000 -0.323896 -0.000441 
700 2.160586 0.000000 -0.011631 15.000015 0.000000 -0.351838 -0.000552 
701 2.581797 0.000000 -0.168455 14.998742 0.000000 -0.369476 -0.000439 
702 2.581797 0.000000 -0.325279 14.996990 0.000000 -0.338759 -0.000109 
703 2.581797 0.000000 -0.011631 15.000358 0.000000 -0.359204 -0.000621 
704 2.329070 0.000000 -0.090043 15.000048 0.000000 -0.320171 -0.000462 
705 2.329070 0.000000 -0.168455 14.998105 0.000000 -0.357922 -0.000317 
706 2.413312 0.000000 -0.090043 15.000301 0.000000 -0.316441 -0.000485 
707 2.329070 0.000000 -0.011631 15.000117 0.000000 -0.354858 -0.000575 
708 2.160586 0.000000 0.066781 15.000376 0.000000 -0.386428 -0.000714 
709 2.076344 0.000000 0.066781 15.000432 0.000000 -0.387220 -0.000724 
710 2.244828 0.000000 0.066781 15.000340 0.000000 -0.385721 -0.000707 
711 2.160586 0.000000 0.145193 15.001429 0.000000 -0.376165 -0.000819 
712 2.202707 0.000000 -0.050837 15.003479 0.000000 -0.100138 -0.000509 
713 2.160586 0.000000 -0.050837 15.003382 0.000000 -0.103434 -0.000499 
714 2.202707 0.000000 -0.090043 14.999694 0.000000 -0.325709 -0.000431 
715 2.244828 0.000000 -0.050837 15.003614 0.000000 -0.098178 -0.000525 
716 2.202707 0.000000 -0.011631 15.000031 0.000000 -0.352728 -0.000557 
717 2.118465 0.000000 -0.050837 15.003274 0.000000 -0.107827 -0.000488 
718 2.076344 0.000000 -0.050837 15.003104 0.000000 -0.113056 -0.000471 
719 2.118465 0.000000 -0.090043 14.999467 0.000000 -0.329269 -0.000411 
720 2.118465 0.000000 -0.011631 15.000001 0.000000 -0.351057 -0.000548 
721 2.581797 0.000000 0.145193 15.000941 0.000000 -0.372359 -0.000742 
722 2.750281 0.000000 0.145193 15.000723 0.000000 -0.371342 -0.000709 
723 2.581797 0.000000 0.302017 15.002444 0.000000 -0.352536 -0.000878 
724 2.329070 0.000000 0.066781 15.000324 0.000000 -0.385096 -0.000702 
725 2.413312 0.000000 0.066781 15.000330 0.000000 -0.384550 -0.000701 
726 2.329070 0.000000 0.145193 15.001180 0.000000 -0.374394 -0.000780 
727 2.202707 0.000000 0.027575 14.999993 0.000000 -0.382132 -0.000648 
728 2.160586 0.000000 0.027575 14.999990 0.000000 -0.382294 -0.000648 
729 2.244828 0.000000 0.027575 15.000002 0.000000 -0.381988 -0.000649 
730 2.202707 0.000000 0.066781 15.000355 0.000000 -0.386065 -0.000710 
731 2.181646 0.000000 -0.031234 15.000813 0.000000 -0.288081 -0.000477 
732 2.160586 0.000000 -0.031234 15.000821 0.000000 -0.286247 -0.000474 
733 2.181646 0.000000 -0.050837 15.003431 0.000000 -0.101633 -0.000503 
734 2.202707 0.000000 -0.031234 15.000808 0.000000 -0.289871 -0.000481 
735 2.181646 0.000000 -0.011631 15.000022 0.000000 -0.352223 -0.000554 
736 1.992102 0.000000 0.066781 15.000500 0.000000 -0.388111 -0.000736 
737 1.907859 0.000000 0.066781 15.000589 0.000000 -0.389121 -0.000751 
738 1.992102 0.000000 0.145193 15.001791 0.000000 -0.378301 -0.000875 
739 2.118465 0.000000 0.027575 14.999991 0.000000 -0.382353 -0.000649 
740 2.076344 0.000000 0.027575 14.999991 0.000000 -0.382674 -0.000650 
741 2.118465 0.000000 0.066781 15.000402 0.000000 -0.386813 -0.000719 
742 2.139525 0.000000 -0.031234 15.000831 0.000000 -0.284367 -0.000470 
743 2.118465 0.000000 -0.031234 15.000841 0.000000 -0.282441 -0.000467 
744 2.139525 0.000000 -0.050837 15.003330 0.000000 -0.105508 -0.000494 
745 2.139525 0.000000 -0.011631 15.000008 0.000000 -0.351450 -0.000550 
746 2.413312 0.000000 -1.893519 14.991907 0.000000 -0.038458 0.001072 
747 2.413312 0.000000 -2.520816 14.992755 0.000000 -0.013129 0.000965 
748 3.087250 0.000000 -1.893519 14.995321 0.000000 -0.038728 0.000617 
749 2.076344 0.000000 -0.952575 14.989722 0.000000 -0.148420 0.001272 
750 1.739375 0.000000 -0.952575 14.984686 0.000000 -0.149167 0.001942 
751 2.076344 0.000000 -1.266223 14.988884 0.000000 -0.098074 0.001439 
752 2.413312 0.000000 -0.952575 14.992969 0.000000 -0.147514 0.000841 
753 2.244828 0.000000 -0.482103 14.994426 0.000000 -0.268793 0.000422 
754 2.076344 0.000000 -0.482103 14.993161 0.000000 -0.269919 0.000588 
755 2.244828 0.000000 -0.638927 14.993277 0.000000 -0.222648 0.000676 
756 2.413312 0.000000 -0.482103 14.995412 0.000000 -0.267915 0.000293 
757 2.160586 0.000000 -0.246867 14.996400 0.000000 -0.364164 -0.000109 
758 2.076344 0.000000 -0.246867 14.996008 0.000000 -0.350631 -0.000014 
759 2.160586 0.000000 -0.325279 14.995503 0.000000 -0.342383 0.000079 
760 2.244828 0.000000 -0.246867 14.996711 0.000000 -0.363342 -0.000148 
761 2.202707 0.000000 -0.129249 14.998492 0.000000 -0.355857 -0.000362 
762 2.160586 0.000000 -0.129249 14.998370 0.000000 -0.356574 -0.000348 
763 2.202707 0.000000 -0.168455 14.997731 0.000000 -0.359700 -0.000273 
764 2.244828 0.000000 -0.129249 14.998607 0.000000 -0.355029 -0.000374 
765 2.181646 0.000000 -0.070440 15.000899 0.000000 -0.269193 -0.000442 
766 2.160586 0.000000 -0.070440 15.000835 0.000000 -0.271042 -0.000438 
767 2.181646 0.000000 -0.090043 14.999635 0.000000 -0.326606 -0.000425 
768 2.202707 0.000000 -0.070440 15.000964 0.000000 -0.267331 -0.000446 
769 2.171116 0.000000 -0.041036 15.002105 0.000000 -0.198044 -0.000455 
770 2.160586 0.000000 -0.041036 15.002125 0.000000 -0.196004 -0.000454 
771 2.171116 0.000000 -0.050837 15.003407 0.000000 -0.102497 -0.000501 
772 2.181646 0.000000 -0.041036 15.002086 0.000000 -0.200065 -0.000456 
773 2.171116 0.000000 -0.031234 15.000817 0.000000 -0.287169 -0.000475 
774 2.497555 0.000000 -0.090043 15.000577 0.000000 -0.312217 -0.000510 
775 2.497555 0.000000 -0.168455 14.998537 0.000000 -0.370643 -0.000416 
776 2.581797 0.000000 -0.090043 15.000829 0.000000 -0.307921 -0.000532 
777 2.497555 0.000000 -0.011631 15.000288 0.000000 -0.357774 -0.000607 
778 2.371191 0.000000 -0.050837 15.003830 0.000000 -0.103322 -0.000558 
779 2.329070 0.000000 -0.050837 15.003818 0.000000 -0.099583 -0.000553 
780 2.371191 0.000000 -0.090043 15.000169 0.000000 -0.318262 -0.000473 
781 2.413312 0.000000 -0.050837 15.003851 0.000000 -0.109130 -0.000566 
782 2.371191 0.000000 -0.011631 15.000151 0.000000 -0.355590 -0.000582 
783 2.286949 0.000000 -0.050837 15.003778 0.000000 -0.097887 -0.000546 
784 2.286949 0.000000 -0.090043 14.999930 0.000000 -0.322050 -0.000452 
785 2.286949 0.000000 -0.011631 15.000088 0.000000 -0.354111 -0.000569 
786 2.497555 0.000000 0.066781 15.000347 0.000000 -0.384086 -0.000702 
787 2.581797 0.000000 0.066781 15.000354 0.000000 -0.383702 -0.000702 
788 2.497555 0.000000 0.145193 15.001018 0.000000 -0.372958 -0.000754 
789 2.371191 0.000000 0.027575 15.000053 0.000000 -0.381666 -0.000654 
790 2.329070 0.000000 0.027575 15.000030 0.000000 -0.381756 -0.000652 
791 2.413312 0.000000 0.027575 15.000081 0.000000 -0.381591 -0.000658 
792 2.371191 0.000000 0.066781 15.000325 0.000000 -0.384813 -0.000701 
793 2.350131 0.000000 -0.031234 15.000832 0.000000 -0.301444 -0.000515 
794 2.329070 0.000000 -0.031234 15.000829 0.000000 -0.299896 -0.000510 
795 2.350131 0.000000 -0.050837 15.003827 0.000000 -0.101201 -0.000556 
796 2.371191 0.000000 -0.031234 15.000836 0.000000 -0.302955 -0.000519 
797 2.350131 0.000000 -0.011631 15.000133 0.000000 -0.355226 -0.000579 
798 2.666039 0.000000 -0.090043 15.001078 0.000000 -0.303288 -0.000553 
799 2.666039 0.000000 -0.168455 14.998986 0.000000 -0.353164 -0.000419 
800 2.750281 0.000000 -0.090043 15.001213 0.000000 -0.298357 -0.000557 
801 2.666039 0.000000 -0.011631 15.000394 0.000000 -0.360645 -0.000631 
802 2.539676 0.000000 -0.050837 15.003849 0.000000 -0.137455 -0.000597 
803 2.497555 0.000000 -0.050837 15.003957 0.000000 -0.126734 -0.000599 
804 2.539676 0.000000 -0.090043 15.000705 0.000000 -0.310092 -0.000521 
805 2.581797 0.000000 -0.050837 15.003733 0.000000 -0.148672 -0.000596 
806 2.539676 0.000000 -0.011631 15.000326 0.000000 -0.358494 -0.000615 
807 2.918766 0.000000 0.145193 15.000405 0.000000 -0.370414 -0.000664 
808 3.087250 0.000000 0.145193 15.000091 0.000000 -0.369699 -0.000620 
809 2.918766 0.000000 0.302017 15.001418 0.000000 -0.351878 -0.000739 
810 2.834523 0.000000 -0.090043 15.001223 0.000000 -0.293368 -0.000546 
811 2.834523 0.000000 -0.168455 14.999198 0.000000 -0.350855 -0.000440 
812 2.918766 0.000000 -0.090043 15.001199 0.000000 -0.287938 -0.000528 
813 2.834523 0.000000 -0.011631 15.000182 0.000000 -0.363530 -0.000612 
814 3.255734 0.000000 -0.168455 14.999341 0.000000 -0.347288 -0.000448 
815 3.255734 0.000000 -0.325279 14.998693 0.000000 -0.335947 -0.000327 
816 3.255734 0.000000 -0.011631 14.999458 0.000000 -0.368647 -0.000532 
817 3.255734 0.000000 0.145193 14.999900 0.000000 -0.368798 -0.000591 
818 3.424219 0.000000 0.145193 14.999824 0.000000 -0.367759 -0.000578 
819 3.255734 0.000000 0.302017 15.000648 0.000000 -0.338394 -0.000595 
820 3.171492 0.000000 -0.090043 15.001077 0.000000 -0.271713 -0.000472 
821 3.087250 0.000000 -0.090043 15.001036 0.000000 -0.277154 -0.000480 
822 3.171492 0.000000 -0.168455 14.999282 0.000000 -0.347674 -0.000442 
823 3.255734 0.000000 -0.090043 15.001099 0.000000 -0.266232 -0.000462 
824 3.171492 0.000000 -0.011631 14.999519 0.000000 -0.367651 -0.000537 
825 3.592703 0.000000 0.145193 14.999783 0.000000 -0.367044 -0.000570 
826 3.761188 0.000000 0.145193 14.999748 0.000000 -0.366646 -0.000564 
827 3.592703 0.000000 0.302017 15.000671 0.000000 -0.338282 -0.000598 
828 3.508461 0.000000 -0.090043 15.001430 0.000000 -0.249251 -0.000467 
829 3.424219 0.000000 -0.090043 15.001316 0.000000 -0.254998 -0.000464 
830 3.508461 0.000000 -0.168455 14.999533 0.000000 -0.345842 -0.000469 
831 3.592703 0.000000 -0.090043 15.001564 0.000000 -0.242904 -0.000471 
832 3.508461 0.000000 -0.011631 14.999441 0.000000 -0.370945 -0.000537 
833 3.929672 0.000000 -0.168455 14.999821 0.000000 -0.343404 -0.000500 
834 3.929672 0.000000 -0.325279 14.999417 0.000000 -0.335686 -0.000423 
835 3.929672 0.000000 -0.011631 14.999513 0.000000 -0.374099 -0.000557 
836 3.676945 0.000000 -0.090043 15.001676 0.000000 -0.236297 -0.000472 
837 3.676945 0.000000 -0.168455 14.999652 0.000000 -0.344881 -0.000482 
838 3.761188 0.000000 -0.090043 15.001821 0.000000 -0.229228 -0.000476 
839 3.676945 0.000000 -0.011631 14.999468 0.000000 -0.372303 -0.000545 
840 3.929672 0.000000 0.145193 14.999757 0.000000 -0.365884 -0.000563 
841 4.098156 0.000000 0.145193 14.999750 0.000000 -0.365415 -0.000560 
842 3.929672 0.000000 0.302017 15.000453 0.000000 -0.337600 -0.000567 
843 3.845430 0.000000 -0.090043 15.001979 0.000000 -0.220934 -0.000481 
844 3.845430 0.000000 -0.168455 14.999766 0.000000 -0.343759 -0.000494 
845 3.929672 0.000000 -0.090043 15.002133 0.000000 -0.211504 -0.000483 
846 3.845430 0.000000 -0.011631 14.999499 0.000000 -0.373529 -0.000553 
847 3.676945 0.000000 0.066781 14.999456 0.000000 -0.380164 -0.000570 
848 3.592703 0.000000 0.066781 14.999445 0.000000 -0.380377 -0.000569 
849 3.761188 0.000000 0.066781 14.999473 0.000000 -0.380031 -0.000572 
850 3.676945 0.000000 0.145193 14.999773 0.000000 -0.366722 -0.000567 
851 3.719066 0.000000 -0.050837 15.000348 0.000000 -0.312156 -0.000479 
852 3.676945 0.000000 -0.050837 15.000373 0.000000 -0.309551 -0.000476 
853 3.719066 0.000000 -0.090043 15.001745 0.000000 -0.232934 -0.000474 
854 3.761188 0.000000 -0.050837 15.000327 0.000000 -0.314510 -0.000483 
855 3.719066 0.000000 -0.011631 14.999475 0.000000 -0.372620 -0.000547 
856 4.266641 0.000000 0.145193 14.999742 0.000000 -0.365232 -0.000558 
857 4.435125 0.000000 0.145193 14.999765 0.000000 -0.364881 -0.000560 
858 4.266641 0.000000 0.302017 15.000330 0.000000 -0.337129 -0.000549 
859 4.182398 0.000000 -0.090043 15.002835 0.000000 -0.171663 -0.000509 
860 4.098156 0.000000 -0.090043 15.002573 0.000000 -0.186972 -0.000498 
861 4.182398 0.000000 -0.168455 14.999984 0.000000 -0.341870 -0.000517 
862 4.266641 0.000000 -0.090043 15.003138 0.000000 -0.154901 -0.000525 
863 4.182398 0.000000 -0.011631 14.999558 0.000000 -0.375655 -0.000568 
864 4.603609 0.000000 -0.168455 15.000293 0.000000 -0.339152 -0.000550 
865 4.603609 0.000000 -0.325279 15.000143 0.000000 -0.338707 -0.000529 
866 4.603609 0.000000 -0.011631 14.999716 0.000000 -0.377828 -0.000597 
867 4.603609 0.000000 0.145193 14.999831 0.000000 -0.364359 -0.000568 
868 4.603609 0.000000 0.302017 15.000247 0.000000 -0.326389 -0.000506 
869 4.687852 0.000000 -0.090043 15.003235 0.000000 -0.143390 -0.000523 
870 4.603609 0.000000 -0.090043 15.003373 0.000000 -0.132545 -0.000528 
871 4.687852 0.000000 -0.168455 15.000399 0.000000 -0.338581 -0.000563 
872 4.772094 0.000000 -0.090043 15.003123 0.000000 -0.155567 -0.000524 
873 4.687852 0.000000 -0.011631 14.999791 0.000000 -0.378210 -0.000608 
874 4.519367 0.000000 -0.090043 15.003548 0.000000 -0.126892 -0.000545 
875 4.435125 0.000000 -0.090043 15.003517 0.000000 -0.129086 -0.000543 
876 4.519367 0.000000 -0.168455 15.000219 0.000000 -0.339716 -0.000542 
877 4.519367 0.000000 -0.011631 14.999665 0.000000 -0.377433 -0.000588 
878 4.687852 0.000000 0.066781 14.999753 0.000000 -0.378507 -0.000604 
879 4.603609 0.000000 0.066781 14.999686 0.000000 -0.378536 -0.000595 
880 4.772094 0.000000 0.066781 14.999845 0.000000 -0.378440 -0.000616 
881 4.687852 0.000000 0.145193 14.999870 0.000000 -0.364462 -0.000573 
882 4.645730 0.000000 -0.050837 15.000188 0.000000 -0.347476 -0.000562 
883 4.603609 0.000000 -0.050837 15.000166 0.000000 -0.346411 -0.000555 
884 4.645730 0.000000 -0.090043 15.003304 0.000000 -0.137679 -0.000525 
885 4.687852 0.000000 -0.050837 15.000221 0.000000 -0.348512 -0.000569 
886 4.645730 0.000000 -0.011631 14.999749 0.000000 -0.378020 -0.000602 
887 4.856336 0.000000 -0.090043 15.003016 0.000000 -0.166940 -0.000526 
888 4.856336 0.000000 -0.168455 15.000764 0.000000 -0.337390 -0.000608 
889 4.856336 0.000000 -0.011631 15.000062 0.000000 -0.378977 -0.000647 
890 4.856336 0.000000 0.066781 14.999970 0.000000 -0.378406 -0.000632 
891 4.940578 0.000000 0.066781 15.000135 0.000000 -0.378425 -0.000654 
892 4.856336 0.000000 0.145193 15.000025 0.000000 -0.364292 -0.000593 
893 4.898457 0.000000 -0.050837 15.000580 0.000000 -0.353298 -0.000632 
894 4.856336 0.000000 -0.050837 15.000470 0.000000 -0.352387 -0.000615 
895 4.898457 0.000000 -0.090043 15.003056 0.000000 -0.172369 -0.000540 
896 4.940578 0.000000 -0.050837 15.000716 0.000000 -0.354203 -0.000653 
897 4.898457 0.000000 -0.011631 15.000168 0.000000 -0.379183 -0.000661 
898 4.435125 0.000000 -3.775408 14.997739 0.000000 0.005790 0.000301 
899 4.435125 0.000000 -5.030000 14.998020 0.000000 0.015034 0.000263 
900 5.783000 0.000000 -3.775408 14.998678 0.000000 0.005839 0.000176 
901 5.109063 0.000000 -1.893519 14.999087 0.000000 -0.037209 0.000116 
902 4.435125 0.000000 -1.893519 14.998500 0.000000 -0.037655 0.000194 
903 5.109063 0.000000 -2.520816 14.998648 0.000000 -0.013566 0.000179 
904 5.783000 0.000000 -1.893519 14.999363 0.000000 -0.036658 0.000079 
905 5.446031 0.000000 -0.952575 15.000262 0.000000 -0.143492 -0.000126 
906 5.109063 0.000000 -0.952575 15.000248 0.000000 -0.143682 -0.000125 
907 5.446031 0.000000 -1.266223 14.999878 0.000000 -0.094040 -0.000023 
908 5.783000 0.000000 -0.952575 15.000199 0.000000 -0.142651 -0.000117 
909 5.277547 0.000000 -0.482103 15.001168 0.000000 -0.267299 -0.000473 
910 5.109063 0.000000 -0.482103 15.000923 0.000000 -0.268202 -0.000443 
911 5.277547 0.000000 -0.638927 15.000778 0.000000 -0.219646 -0.000318 
912 5.446031 0.000000 -0.482103 15.001244 0.000000 -0.266907 -0.000483 
913 5.193305 0.000000 -0.246867 15.001910 0.000000 -0.337837 -0.000762 
914 5.109063 0.000000 -0.246867 15.001506 0.000000 -0.338254 -0.000709 
915 5.193305 0.000000 -0.325279 15.001570 0.000000 -0.338610 -0.000719 
916 5.277547 0.000000 -0.246867 15.002363 0.000000 -0.353784 -0.000871 
917 5.151184 0.000000 -0.129249 15.002896 0.000000 -0.293635 -0.000769 
918 5.109063 0.000000 -0.129249 15.002643 0.000000 -0.294787 -0.000739 
919 5.151184 0.000000 -0.168455 15.002206 0.000000 -0.334946 -0.000793 
920 5.193305 0.000000 -0.129249 15.003161 0.000000 -0.292299 -0.000801 
921 5.235426 0.000000 -0.050837 15.001962 0.000000 -0.360653 -0.000840 
922 5.235426 0.000000 -0.090043 15.004117 0.000000 -0.204930 -0.000736 
923 5.277547 0.000000 -0.050837 15.002131 0.000000 -0.361688 -0.000866 
924 5.235426 0.000000 -0.011631 15.001389 0.000000 -0.381741 -0.000833 
925 5.172244 0.000000 -0.070440 15.002346 0.000000 -0.314480 -0.000752 
926 5.151184 0.000000 -0.070440 15.002252 0.000000 -0.313359 -0.000737 
927 5.172244 0.000000 -0.090043 15.003846 0.000000 -0.199657 -0.000690 
928 5.193305 0.000000 -0.070440 15.002442 0.000000 -0.315596 -0.000768 
929 5.172244 0.000000 -0.050837 15.001676 0.000000 -0.359230 -0.000797 
930 5.361789 0.000000 0.066781 15.001102 0.000000 -0.384325 -0.000803 
931 5.446031 0.000000 0.066781 15.001067 0.000000 -0.393148 -0.000829 
932 5.361789 0.000000 0.145193 15.000811 0.000000 -0.382371 -0.000758 
933 5.403910 0.000000 -0.050837 15.002447 0.000000 -0.373659 -0.000947 
934 5.361789 0.000000 -0.050837 15.002353 0.000000 -0.370504 -0.000924 
935 5.403910 0.000000 -0.090043 15.004443 0.000000 -0.227208 -0.000822 
936 5.446031 0.000000 -0.050837 15.002334 0.000000 -0.378906 -0.000949 
937 5.403910 0.000000 -0.011631 15.001829 0.000000 -0.392770 -0.000930 
938 5.361789 0.000000 -0.246867 15.002510 0.000000 -0.348997 -0.000876 
939 5.361789 0.000000 -0.325279 15.001932 0.000000 -0.333587 -0.000752 
940 5.446031 0.000000 -0.246867 15.002569 0.000000 -0.348446 -0.000882 
941 5.403910 0.000000 -0.129249 15.004022 0.000000 -0.298513 -0.000932 
942 5.361789 0.000000 -0.129249 15.004064 0.000000 -0.302318 -0.000948 
943 5.403910 0.000000 -0.168455 15.003260 0.000000 -0.344987 -0.000964 
944 5.446031 0.000000 -0.129249 15.004033 0.000000 -0.297136 -0.000930 
945 5.530273 0.000000 0.066781 15.001066 0.000000 -0.393696 -0.000831 
946 5.614516 0.000000 0.066781 15.001058 0.000000 -0.371449 -0.000754 
947 5.530273 0.000000 0.145193 15.000724 0.000000 -0.378282 -0.000732 
948 5.488152 0.000000 -0.050837 15.002291 0.000000 -0.378954 -0.000944 
949 5.488152 0.000000 -0.090043 15.004190 0.000000 -0.237252 -0.000809 
950 5.530273 0.000000 -0.050837 15.002181 0.000000 -0.379796 -0.000932 
951 5.488152 0.000000 -0.011631 15.001704 0.000000 -0.398579 -0.000933 
952 5.424971 0.000000 -0.070440 15.002966 0.000000 -0.340364 -0.000910 
953 5.403910 0.000000 -0.070440 15.003079 0.000000 -0.335235 -0.000910 
954 5.424971 0.000000 -0.090043 15.004325 0.000000 -0.232953 -0.000818 
955 5.446031 0.000000 -0.070440 15.002954 0.000000 -0.341477 -0.000912 
956 5.424971 0.000000 -0.050837 15.002449 0.000000 -0.374139 -0.000949 
957 5.698758 0.000000 -0.090043 15.002596 0.000000 -0.223026 -0.000567 
958 5.698758 0.000000 -0.168455 15.002306 0.000000 -0.319014 -0.000760 
959 5.783000 0.000000 -0.090043 15.001695 0.000000 -0.226999 -0.000455 
960 5.698758 0.000000 -0.011631 15.001385 0.000000 -0.375629 -0.000812 
961 5.614516 0.000000 -0.482103 15.001133 0.000000 -0.266732 -0.000467 
962 5.614516 0.000000 -0.638927 15.000738 0.000000 -0.218488 -0.000311 
963 5.783000 0.000000 -0.482103 15.000896 0.000000 -0.266086 -0.000434 
964 5.530273 0.000000 -0.246867 15.002517 0.000000 -0.324766 -0.000804 
965 5.530273 0.000000 -0.325279 15.002002 0.000000 -0.310234 -0.000695 
966 5.614516 0.000000 -0.246867 15.002243 0.000000 -0.326397 -0.000773 
967 5.488152 0.000000 -0.129249 15.003967 0.000000 -0.295134 -0.000916 
968 5.488152 0.000000 -0.168455 15.003187 0.000000 -0.343388 -0.000949 
969 5.530273 0.000000 -0.129249 15.003753 0.000000 -0.270143 -0.000825 
970 5.572395 0.000000 -0.050837 15.002104 0.000000 -0.356211 -0.000845 
971 5.572395 0.000000 -0.090043 15.003132 0.000000 -0.217935 -0.000629 
972 5.614516 0.000000 -0.050837 15.001977 0.000000 -0.357001 -0.000830 
973 5.572395 0.000000 -0.011631 15.001648 0.000000 -0.373641 -0.000840 
974 5.509213 0.000000 -0.070440 15.002803 0.000000 -0.343780 -0.000899 
975 5.488152 0.000000 -0.070440 15.002881 0.000000 -0.342478 -0.000905 
976 5.509213 0.000000 -0.090043 15.004069 0.000000 -0.239960 -0.000799 
977 5.530273 0.000000 -0.070440 15.002679 0.000000 -0.344567 -0.000885 
978 5.509213 0.000000 -0.050837 15.002242 0.000000 -0.379783 -0.000940 
979 5.572395 0.000000 -0.129249 15.003318 0.000000 -0.268897 -0.000764 
980 5.572395 0.000000 -0.168455 15.002886 0.000000 -0.318961 -0.000837 
981 5.614516 0.000000 -0.129249 15.003107 0.000000 -0.268329 -0.000734 
982 5.698758 0.000000 0.066781 15.000981 0.000000 -0.370735 -0.000742 
983 5.783000 0.000000 0.066781 15.000880 0.000000 -0.371351 -0.000730 
984 5.698758 0.000000 0.145193 15.000724 0.000000 -0.354627 -0.000655 
985 5.656637 0.000000 -0.050837 15.001857 0.000000 -0.357815 -0.000817 
986 5.656637 0.000000 -0.090043 15.002767 0.000000 -0.222851 -0.000590 
987 5.698758 0.000000 -0.050837 15.001724 0.000000 -0.358960 -0.000803 
988 5.656637 0.000000 -0.011631 15.001479 0.000000 -0.375565 -0.000824 
989 5.593455 0.000000 -0.070440 15.002395 0.000000 -0.321939 -0.000780 
990 5.572395 0.000000 -0.070440 15.002481 0.000000 -0.321286 -0.000790 
991 5.593455 0.000000 -0.090043 15.003022 0.000000 -0.218816 -0.000616 
992 5.614516 0.000000 -0.070440 15.002320 0.000000 -0.322488 -0.000772 
993 5.593455 0.000000 -0.050837 15.002039 0.000000 -0.356655 -0.000837 
994 5.698758 0.000000 -0.246867 15.001916 0.000000 -0.324342 -0.000723 
995 5.698758 0.000000 -0.325279 15.001581 0.000000 -0.310212 -0.000639 
996 5.783000 0.000000 -0.246867 15.001521 0.000000 -0.325902 -0.000675 
997 5.656637 0.000000 -0.129249 15.002935 0.000000 -0.267838 -0.000710 
998 5.656637 0.000000 -0.168455 15.002511 0.000000 -0.318765 -0.000786 
999 5.698758 0.000000 -0.129249 15.002744 0.000000 -0.267572 -0.000684 
1000 5.740879 0.000000 -0.050837 15.001563 0.000000 -0.359404 -0.000783 
1001 5.740879 0.000000 -0.090043 15.002363 0.000000 -0.224681 -0.000539 
1002 5.783000 0.000000 -0.050837 15.001353 0.000000 -0.360780 -0.000759 
1003 5.740879 0.000000 -0.011631 15.001278 0.000000 -0.375735 -0.000798 
1004 5.677697 0.000000 -0.070440 15.002103 0.000000 -0.324975 -0.000750 
1005 5.656637 0.000000 -0.070440 15.002175 0.000000 -0.325310 -0.000760 
1006 5.677697 0.000000 -0.090043 15.002686 0.000000 -0.222762 -0.000579 
1007 5.698758 0.000000 -0.070440 15.002025 0.000000 -0.324996 -0.000739 
1008 5.677697 0.000000 -0.050837 15.001790 0.000000 -0.358886 -0.000811 
1009 -0.956375 0.000000 -3.775408 14.992780 0.000000 0.019295 0.000961 
1010 -2.304250 0.000000 -3.775408 14.995287 0.000000 0.023685 0.000626 
1011 -0.956375 0.000000 -5.030000 14.995766 0.000000 0.021552 0.000562 
1012 -0.282437 0.000000 -1.893519 14.971747 0.000000 0.005567 0.003763 
1013 -0.956375 0.000000 -1.893519 14.979867 0.000000 0.019519 0.002681 
1014 -0.282437 0.000000 -2.520816 14.983016 0.000000 0.011268 0.002263 
1015 0.054531 0.000000 -0.952575 14.904038 0.000000 -0.053110 0.012741 
1016 -0.282437 0.000000 -0.952575 14.920193 0.000000 -0.003850 0.010613 
1017 0.054531 0.000000 -1.266223 14.939416 0.000000 -0.030915 0.008057 
1018 1.402406 0.000000 -0.952575 14.976504 0.000000 -0.149206 0.003031 
1019 1.402406 0.000000 -1.266223 14.977374 0.000000 -0.095546 0.002974 
1020 0.559984 0.000000 -0.482103 14.891031 0.000000 -0.318020 0.014027 
1021 0.391500 0.000000 -0.482103 14.828928 0.000000 -0.292232 0.022300 
1022 0.559984 0.000000 -0.638927 14.900037 0.000000 -0.223629 0.013062 
1023 -0.450922 0.000000 -0.168455 14.940263 0.000000 0.135150 0.007868 
1024 -0.619406 0.000000 -0.168455 14.969032 0.000000 0.099203 0.004081 
1025 -0.450922 0.000000 -0.325279 14.909733 0.000000 0.095816 0.011959 
1026 -0.198195 0.000000 -0.090043 14.856994 0.000000 0.315394 0.018534 
1027 -0.282437 0.000000 -0.090043 14.918697 0.000000 0.233829 0.010568 
1028 -0.198195 0.000000 -0.168455 14.793117 0.000000 0.229309 0.027160 
1029 0.286197 0.000000 -0.031234 14.737082 0.000000 -1.341932 0.026745 
1030 0.286197 0.000000 -0.050837 14.639252 0.000000 -1.232669 0.040768 
1031 0.307258 0.000000 -0.031234 14.810859 0.000000 -1.212413 0.018527 
1032 -0.071832 0.000000 -0.050837 14.651548 0.000000 0.715863 0.043643 
1033 -0.113953 0.000000 -0.050837 14.793554 0.000000 0.564713 0.025919 
1034 -0.071832 0.000000 -0.090043 14.557780 0.000000 0.525512 0.056866 
1035 -0.008650 0.000000 -0.031234 14.105219 0.000000 1.185745 0.109497 
1036 -0.029711 0.000000 -0.031234 14.450634 0.000000 1.083227 0.066692 
1037 -0.008650 0.000000 -0.050837 14.107521 0.000000 0.876957 0.112039 
1038 3.761188 0.000000 -1.893519 14.997352 0.000000 -0.038292 0.000347 
1039 3.761188 0.000000 -2.520816 14.996928 0.000000 -0.014075 0.000409 
1040 2.750281 0.000000 -0.952575 14.995220 0.000000 -0.146807 0.000541 
1041 2.750281 0.000000 -1.266223 14.994461 0.000000 -0.097732 0.000696 
1042 3.087250 0.000000 -0.952575 14.996898 0.000000 -0.146180 0.000319 
1043 1.233922 0.000000 -0.482103 14.976596 0.000000 -0.281169 0.002767 
1044 1.233922 0.000000 -0.638927 14.972703 0.000000 -0.231347 0.003398 
1045 1.402406 0.000000 -0.482103 14.982240 0.000000 -0.279716 0.002019 
1046 1.570891 0.000000 -0.482103 14.986323 0.000000 -0.277066 0.001482 
1047 1.570891 0.000000 -0.638927 14.983799 0.000000 -0.227729 0.001929 
1048 1.739375 0.000000 -0.482103 14.989281 0.000000 -0.274897 0.001093 
1049 0.812711 0.000000 -0.246867 14.979033 0.000000 -0.398946 0.002086 
1050 0.728469 0.000000 -0.246867 14.981531 0.000000 -0.421629 0.001671 
1051 0.812711 0.000000 -0.325279 14.964243 0.000000 -0.373357 0.004142 
1052 0.854832 0.000000 -0.129249 14.993280 0.000000 -0.399094 0.000188 
1053 0.812711 0.000000 -0.129249 14.998082 0.000000 -0.400228 -0.000456 
1054 0.854832 0.000000 -0.168455 14.989592 0.000000 -0.403044 0.000665 
1055 0.749529 0.000000 0.007972 14.974681 0.000000 -0.331067 0.002886 
1056 0.770590 0.000000 0.007972 14.983204 0.000000 -0.355362 0.001677 
1057 0.749529 0.000000 0.027575 14.954885 0.000000 -0.370165 0.005397 
1058 0.791650 0.000000 0.007972 14.985001 0.000000 -0.368171 0.001396 
1059 0.812711 0.000000 0.007972 14.986557 0.000000 -0.375209 0.001166 
1060 0.791650 0.000000 0.027575 14.978735 0.000000 -0.393113 0.002146 
1061 0.623166 0.000000 0.007972 14.613017 0.000000 -0.658524 0.049005 
1062 0.602105 0.000000 0.007972 14.732566 0.000000 -0.798409 0.032507 
1063 0.623166 0.000000 0.027575 14.740390 0.000000 -0.636402 0.032515 
1064 1.149680 0.000000 -0.246867 14.984057 0.000000 -0.371120 0.001512 
1065 1.149680 0.000000 -0.325279 14.979990 0.000000 -0.348160 0.002127 
1066 1.233922 0.000000 -0.246867 14.986131 0.000000 -0.367827 0.001247 
1067 1.318164 0.000000 -0.246867 14.987965 0.000000 -0.365001 0.001012 
1068 1.318164 0.000000 -0.325279 14.985255 0.000000 -0.356062 0.001402 
1069 1.402406 0.000000 -0.246867 14.989546 0.000000 -0.362551 0.000809 
1070 1.023316 0.000000 -0.129249 14.989046 0.000000 -0.394067 0.000770 
1071 1.023316 0.000000 -0.168455 14.986364 0.000000 -0.392756 0.001132 
1072 1.065438 0.000000 -0.129249 14.989559 0.000000 -0.391828 0.000709 
1073 1.907859 0.000000 -0.482103 14.991472 0.000000 -0.273224 0.000805 
1074 1.907859 0.000000 -0.638927 14.989797 0.000000 -0.226328 0.001132 
1075 1.486648 0.000000 -0.246867 14.990882 0.000000 -0.360413 0.000638 
1076 1.486648 0.000000 -0.325279 14.988837 0.000000 -0.352309 0.000936 
1077 1.570891 0.000000 -0.246867 14.992017 0.000000 -0.358538 0.000493 
1078 1.655133 0.000000 -0.246867 14.992984 0.000000 -0.356877 0.000369 
1079 1.655133 0.000000 -0.325279 14.991429 0.000000 -0.348060 0.000604 
1080 1.739375 0.000000 -0.246867 14.993800 0.000000 -0.355398 0.000265 
1081 1.823617 0.000000 -0.246867 14.994493 0.000000 -0.354071 0.000177 
1082 1.823617 0.000000 -0.325279 14.993244 0.000000 -0.345759 0.000369 
1083 1.907859 0.000000 -0.246867 14.995073 0.000000 -0.352719 0.000104 
1084 1.992102 0.000000 -0.246867 14.995572 0.000000 -0.351623 0.000041 
1085 1.992102 0.000000 -0.325279 14.994535 0.000000 -0.343857 0.000203 
1086 3.424219 0.000000 -0.952575 14.998128 0.000000 -0.145540 0.000155 
1087 3.424219 0.000000 -1.266223 14.997437 0.000000 -0.096741 0.000300 
1088 3.761188 0.000000 -0.952575 14.998962 0.000000 -0.145352 0.000044 
1089 4.098156 0.000000 -0.952575 14.999544 0.000000 -0.144801 -0.000032 
1090 4.098156 0.000000 -1.266223 14.998993 0.000000 -0.095692 0.000094 
1091 4.435125 0.000000 -0.952575 14.999918 0.000000 -0.144342 -0.000082 
1092 2.581797 0.000000 -0.482103 14.996124 0.000000 -0.268011 0.000198 
1093 2.581797 0.000000 -0.638927 14.995369 0.000000 -0.221167 0.000400 
1094 2.750281 0.000000 -0.482103 14.996847 0.000000 -0.267591 0.000102 
1095 2.918766 0.000000 -0.482103 14.997537 0.000000 -0.267273 0.000011 
1096 2.918766 0.000000 -0.638927 14.997016 0.000000 -0.220680 0.000181 
1097 3.087250 0.000000 -0.482103 14.998151 0.000000 -0.267033 -0.000070 
1098 2.329070 0.000000 -0.246867 14.996986 0.000000 -0.362565 -0.000182 
1099 2.329070 0.000000 -0.325279 14.996222 0.000000 -0.341170 -0.000014 
1100 2.413312 0.000000 -0.246867 14.997233 0.000000 -0.361814 -0.000213 
1101 3.255734 0.000000 -0.482103 14.998640 0.000000 -0.267000 -0.000136 
1102 3.255734 0.000000 -0.638927 14.998381 0.000000 -0.220123 0.000000 
1103 3.424219 0.000000 -0.482103 14.999027 0.000000 -0.266754 -0.000187 
1104 3.592703 0.000000 -0.482103 14.999339 0.000000 -0.266815 -0.000228 
1105 3.592703 0.000000 -0.638927 14.999192 0.000000 -0.219504 -0.000106 
1106 3.761188 0.000000 -0.482103 14.999537 0.000000 -0.267148 -0.000255 
1107 3.003008 0.000000 -0.090043 15.001112 0.000000 -0.282453 -0.000503 
1108 3.003008 0.000000 -0.168455 14.999232 0.000000 -0.349058 -0.000439 
1109 3.003008 0.000000 -0.011631 14.999789 0.000000 -0.365753 -0.000566 
1110 4.772094 0.000000 -0.952575 15.000139 0.000000 -0.143975 -0.000111 
1111 4.772094 0.000000 -1.266223 14.999681 0.000000 -0.094905 0.000002 
1112 3.929672 0.000000 -0.482103 14.999760 0.000000 -0.267403 -0.000286 
1113 3.929672 0.000000 -0.638927 14.999707 0.000000 -0.219319 -0.000175 
1114 4.098156 0.000000 -0.482103 14.999948 0.000000 -0.267361 -0.000311 
1115 4.266641 0.000000 -0.482103 15.000080 0.000000 -0.267888 -0.000330 
1116 4.266641 0.000000 -0.638927 15.000044 0.000000 -0.219302 -0.000220 
1117 4.435125 0.000000 -0.482103 15.000202 0.000000 -0.268167 -0.000347 
1118 4.603609 0.000000 -0.482103 15.000328 0.000000 -0.268178 -0.000363 
1119 4.603609 0.000000 -0.638927 15.000394 0.000000 -0.218537 -0.000265 
1120 4.772094 0.000000 -0.482103 15.000475 0.000000 -0.268284 -0.000383 
1121 4.940578 0.000000 -0.482103 15.000681 0.000000 -0.268626 -0.000411 
1122 4.940578 0.000000 -0.638927 15.000603 0.000000 -0.218420 -0.000292 
1123 4.350883 0.000000 -0.090043 15.003353 0.000000 -0.139203 -0.000533 
1124 4.350883 0.000000 -0.168455 15.000095 0.000000 -0.340809 -0.000529 
1125 4.350883 0.000000 -0.011631 14.999599 0.000000 -0.376585 -0.000577 
1126 5.024820 0.000000 -0.246867 15.001116 0.000000 -0.338576 -0.000658 
1127 4.940578 0.000000 -0.246867 15.000762 0.000000 -0.338810 -0.000612 
1128 5.024820 0.000000 -0.325279 15.000972 0.000000 -0.333643 -0.000624 
1129 5.024820 0.000000 0.066781 15.000335 0.000000 -0.378523 -0.000681 
1130 5.024820 0.000000 0.145193 15.000277 0.000000 -0.364376 -0.000627 
1131 5.235426 0.000000 -0.129249 15.003435 0.000000 -0.290943 -0.000834 
1132 5.235426 0.000000 -0.168455 15.002704 0.000000 -0.334110 -0.000857 
1133 5.277547 0.000000 -0.129249 15.003679 0.000000 -0.289647 -0.000863 
1134 5.319668 0.000000 -0.129249 15.003850 0.000000 -0.291961 -0.000892 
1135 5.319668 0.000000 -0.168455 15.003184 0.000000 -0.350253 -0.000970 
1136 5.319668 0.000000 -0.090043 15.004306 0.000000 -0.215445 -0.000780 
1137 5.319668 0.000000 -0.050837 15.002256 0.000000 -0.366362 -0.000897 
1138 5.319668 0.000000 -0.011631 15.001641 0.000000 -0.388173 -0.000888 
1139 0.875893 0.000000 -0.070440 14.992862 0.000000 -0.368013 0.000350 
1140 0.854832 0.000000 -0.070440 14.992641 0.000000 -0.369404 0.000375 
1141 0.875893 0.000000 -0.090043 14.992563 0.000000 -0.386782 0.000326 
1142 0.833771 0.000000 -0.031234 14.995533 0.000000 -0.063049 0.000578 
1143 0.833771 0.000000 -0.050837 14.992722 0.000000 -0.314218 0.000531 
1144 0.833771 0.000000 -0.011631 14.990385 0.000000 -0.315275 0.000840 
1145 1.318164 0.000000 0.066781 15.001477 0.000000 -0.401364 -0.000913 
1146 1.318164 0.000000 0.145193 15.004943 0.000000 -0.393565 -0.001348 
1147 0.960135 0.000000 -0.031234 14.997680 0.000000 -0.089176 0.000274 
1148 0.960135 0.000000 -0.050837 14.994914 0.000000 -0.303316 0.000269 
1149 0.960135 0.000000 -0.011631 14.995334 0.000000 -0.327258 0.000146 
1150 0.960135 0.000000 0.007972 14.995539 0.000000 -0.384387 -0.000062 
1151 0.981195 0.000000 0.007972 14.996172 0.000000 -0.384209 -0.000146 
1152 0.960135 0.000000 0.027575 14.996246 0.000000 -0.404052 -0.000225 
1153 0.833771 0.000000 0.007972 14.988340 0.000000 -0.379057 0.000915 
1154 0.833771 0.000000 0.027575 14.986764 0.000000 -0.401576 0.001047 
1155 0.886423 0.000000 -0.041036 14.995397 0.000000 -0.216185 0.000406 
1156 0.875893 0.000000 -0.041036 14.995264 0.000000 -0.217112 0.000422 
1157 0.886423 0.000000 -0.050837 14.993943 0.000000 -0.309894 0.000381 
1158 1.107559 0.000000 -0.129249 14.990176 0.000000 -0.389611 0.000635 
1159 1.107559 0.000000 -0.168455 14.987696 0.000000 -0.388297 0.000970 
1160 1.149680 0.000000 -0.129249 14.990826 0.000000 -0.387457 0.000556 
1161 1.191801 0.000000 -0.129249 14.991471 0.000000 -0.385385 0.000477 
1162 1.191801 0.000000 -0.168455 14.989227 0.000000 -0.384500 0.000779 
1163 1.233922 0.000000 -0.129249 14.992089 0.000000 -0.383407 0.000401 
1164 1.191801 0.000000 0.027575 14.999635 0.000000 -0.396037 -0.000648 
1165 1.233922 0.000000 0.027575 14.999780 0.000000 -0.394716 -0.000663 
1166 1.191801 0.000000 0.066781 15.001534 0.000000 -0.405944 -0.000937 
1167 1.002256 0.000000 0.007972 14.996665 0.000000 -0.383680 -0.000210 
1168 1.002256 0.000000 0.027575 14.997505 0.000000 -0.402717 -0.000388 
1169 1.655133 0.000000 0.066781 15.000885 0.000000 -0.392999 -0.000804 
1170 1.739375 0.000000 0.066781 15.000775 0.000000 -0.391533 -0.000785 
1171 1.655133 0.000000 0.145193 15.002926 0.000000 -0.384308 -0.001047 
1172 1.823617 0.000000 0.066781 15.000677 0.000000 -0.390250 -0.000767 
1173 1.823617 0.000000 0.145193 15.002279 0.000000 -0.381088 -0.000949 
1174 2.118465 0.000000 -0.129249 14.998248 0.000000 -0.357420 -0.000334 
1175 2.076344 0.000000 -0.129249 14.998123 0.000000 -0.358393 -0.000321 
1176 2.118465 0.000000 -0.168455 14.997454 0.000000 -0.360937 -0.000240 
1177 2.497555 0.000000 -0.246867 14.997458 0.000000 -0.361072 -0.000241 
1178 2.497555 0.000000 -0.325279 14.996756 0.000000 -0.339226 -0.000079 
1179 2.581797 0.000000 -0.246867 14.997665 0.000000 -0.360325 -0.000266 
1180 2.666039 0.000000 -0.246867 14.997860 0.000000 -0.359577 -0.000289 
1181 2.666039 0.000000 -0.325279 14.997216 0.000000 -0.338325 -0.000138 
1182 2.750281 0.000000 -0.246867 14.998060 0.000000 -0.358734 -0.000313 
1183 2.286949 0.000000 -0.129249 14.998720 0.000000 -0.354087 -0.000387 
1184 2.286949 0.000000 -0.168455 14.997984 0.000000 -0.358508 -0.000302 
1185 2.329070 0.000000 -0.129249 14.998834 0.000000 -0.353263 -0.000399 
1186 2.371191 0.000000 -0.129249 14.998950 0.000000 -0.352439 -0.000412 
1187 2.371191 0.000000 -0.168455 14.998212 0.000000 -0.372358 -0.000378 
1188 2.413312 0.000000 -0.129249 14.999068 0.000000 -0.351733 -0.000426 
1189 2.139525 0.000000 -0.070440 15.000772 0.000000 -0.272878 -0.000434 
1190 2.118465 0.000000 -0.070440 15.000708 0.000000 -0.274700 -0.000430 
1191 2.139525 0.000000 -0.090043 14.999523 0.000000 -0.328385 -0.000416 
1192 2.666039 0.000000 0.066781 15.000326 0.000000 -0.383389 -0.000697 
1193 2.750281 0.000000 0.066781 15.000242 0.000000 -0.383122 -0.000685 
1194 2.666039 0.000000 0.145193 15.000833 0.000000 -0.372033 -0.000726 
1195 2.286949 0.000000 0.027575 15.000014 0.000000 -0.381864 -0.000650 
1196 2.286949 0.000000 0.066781 15.000329 0.000000 -0.385398 -0.000704 
1197 2.455434 0.000000 -0.050837 15.004036 0.000000 -0.117003 -0.000599 
1198 2.455434 0.000000 -0.090043 15.000443 0.000000 -0.314297 -0.000498 
1199 2.455434 0.000000 -0.011631 15.000245 0.000000 -0.357043 -0.000599 
1200 2.455434 0.000000 0.027575 15.000111 0.000000 -0.381536 -0.000662 
1201 2.497555 0.000000 0.027575 15.000142 0.000000 -0.381499 -0.000666 
1202 2.455434 0.000000 0.066781 15.000338 0.000000 -0.384308 -0.000702 
1203 2.539676 0.000000 0.027575 15.000169 0.000000 -0.381478 -0.000669 
1204 2.581797 0.000000 0.027575 15.000189 0.000000 -0.381474 -0.000672 
1205 2.539676 0.000000 0.066781 15.000354 0.000000 -0.383885 -0.000702 
1206 2.834523 0.000000 0.066781 15.000105 0.000000 -0.382866 -0.000665 
1207 2.918766 0.000000 0.066781 14.999938 0.000000 -0.382603 -0.000642 
1208 2.834523 0.000000 0.145193 15.000557 0.000000 -0.371083 -0.000686 
1209 3.003008 0.000000 0.066781 14.999772 0.000000 -0.382318 -0.000619 
1210 3.087250 0.000000 0.066781 14.999634 0.000000 -0.382013 -0.000600 
1211 3.003008 0.000000 0.145193 15.000245 0.000000 -0.369950 -0.000641 
1212 3.339977 0.000000 -0.090043 15.001207 0.000000 -0.260707 -0.000463 
1213 3.339977 0.000000 -0.168455 14.999407 0.000000 -0.346797 -0.000455 
1214 3.339977 0.000000 -0.011631 14.999438 0.000000 -0.369447 -0.000532 
1215 3.171492 0.000000 0.066781 14.999536 0.000000 -0.381703 -0.000586 
1216 3.255734 0.000000 0.066781 14.999478 0.000000 -0.381401 -0.000577 
1217 3.171492 0.000000 0.145193 14.999996 0.000000 -0.369023 -0.000605 
1218 3.339977 0.000000 0.066781 14.999448 0.000000 -0.381116 -0.000572 
1219 3.424219 0.000000 0.066781 14.999437 0.000000 -0.380852 -0.000570 
1220 3.339977 0.000000 0.145193 14.999861 0.000000 -0.368156 -0.000584 
1221 3.508461 0.000000 0.066781 14.999441 0.000000 -0.380679 -0.000570 
1222 3.508461 0.000000 0.145193 14.999781 0.000000 -0.367611 -0.000571 
1223 4.013914 0.000000 -0.090043 15.002347 0.000000 -0.200475 -0.000492 
1224 4.013914 0.000000 -0.168455 14.999876 0.000000 -0.342900 -0.000506 
1225 4.013914 0.000000 -0.011631 14.999528 0.000000 -0.374641 -0.000561 
1226 3.845430 0.000000 0.066781 14.999483 0.000000 -0.379776 -0.000572 
1227 3.929672 0.000000 0.066781 14.999496 0.000000 -0.379601 -0.000573 
1228 3.845430 0.000000 0.145193 14.999760 0.000000 -0.366144 -0.000564 
1229 4.013914 0.000000 0.066781 14.999512 0.000000 -0.379499 -0.000575 
1230 4.098156 0.000000 0.066781 14.999521 0.000000 -0.379279 -0.000576 
1231 4.013914 0.000000 0.145193 14.999738 0.000000 -0.365866 -0.000560 
1232 4.182398 0.000000 0.066781 14.999539 0.000000 -0.379195 -0.000578 
1233 4.266641 0.000000 0.066781 14.999556 0.000000 -0.379058 -0.000579 
1234 4.182398 0.000000 0.145193 14.999737 0.000000 -0.365428 -0.000558 
1235 4.350883 0.000000 0.066781 14.999574 0.000000 -0.378868 -0.000581 
1236 4.435125 0.000000 0.066781 14.999603 0.000000 -0.378810 -0.000585 
1237 4.350883 0.000000 0.145193 14.999762 0.000000 -0.364824 -0.000560 
1238 4.519367 0.000000 0.066781 14.999639 0.000000 -0.378697 -0.000589 
1239 4.519367 0.000000 0.145193 14.999788 0.000000 -0.364725 -0.000563 
1240 5.467092 0.000000 -0.070440 15.002922 0.000000 -0.344664 -0.000918 
1241 5.467092 0.000000 -0.090043 15.004258 0.000000 -0.236387 -0.000816 
1242 5.467092 0.000000 -0.050837 15.002314 0.000000 -0.381581 -0.000956 
1243 5.740879 0.000000 -0.129249 15.002481 0.000000 -0.267212 -0.000648 
1244 5.740879 0.000000 -0.168455 15.002049 0.000000 -0.319258 -0.000726 
1245 5.783000 0.000000 -0.129249 15.001854 0.000000 -0.268002 -0.000567 
1246 5.551334 0.000000 -0.070440 15.002594 0.000000 -0.320727 -0.000803 
1247 5.551334 0.000000 -0.090043 15.003334 0.000000 -0.217148 -0.000654 
1248 5.551334 0.000000 -0.050837 15.002174 0.000000 -0.355875 -0.000853 
1249 5.635576 0.000000 -0.070440 15.002248 0.000000 -0.324784 -0.000769 
1250 5.635576 0.000000 -0.090043 15.002850 0.000000 -0.222099 -0.000599 
1251 5.635576 0.000000 -0.050837 15.001915 0.000000 -0.359112 -0.000829 
1252 -3.652125 0.000000 -3.775408 14.997238 0.000000 0.024753 0.000366 
1253 -5.000000 0.000000 -3.775408 14.998399 0.000000 0.024964 0.000211 
1254 -3.652125 0.000000 -5.030000 14.997720 0.000000 0.024184 0.000301 
1255 -1.630312 0.000000 -1.893519 14.987812 0.000000 0.025192 0.001622 
1256 -2.304250 0.000000 -1.893519 14.992874 0.000000 0.026664 0.000947 
1257 -1.630312 0.000000 -2.520816 14.990194 0.000000 0.023008 0.001305 
1258 -0.619406 0.000000 -0.952575 14.946558 0.000000 0.022469 0.007111 
1259 -0.956375 0.000000 -0.952575 14.967205 0.000000 0.031406 0.004363 
1260 -0.619406 0.000000 -1.266223 14.958569 0.000000 0.014378 0.005516 
1261 0.223016 0.000000 -0.482103 14.768526 0.000000 -0.218548 0.030413 
1262 0.054531 0.000000 -0.482103 14.751558 0.000000 -0.097941 0.032809 
1263 0.223016 0.000000 -0.638927 14.835652 0.000000 -0.147621 0.021696 
1264 0.644227 0.000000 -0.246867 14.967864 0.000000 -0.461933 0.003332 
1265 0.559984 0.000000 -0.246867 14.927919 0.000000 -0.503948 0.008459 
1266 0.644227 0.000000 -0.325279 14.935400 0.000000 -0.409266 0.007850 
1267 0.770590 0.000000 -0.129249 15.012477 0.000000 -0.399269 -0.002373 
1268 0.728469 0.000000 -0.129249 15.041548 0.000000 -0.405934 -0.006280 
1269 0.770590 0.000000 -0.168455 15.004781 0.000000 -0.413770 -0.001398 
1270 0.686348 0.000000 -0.129249 15.079972 0.000000 -0.444141 -0.011568 
1271 0.644227 0.000000 -0.129249 15.097311 0.000000 -0.523418 -0.014234 
1272 0.686348 0.000000 -0.168455 15.032736 0.000000 -0.461772 -0.005317 
1273 2.834523 0.000000 -0.246867 14.998283 0.000000 -0.356443 -0.000336 
1274 2.834523 0.000000 -0.325279 14.997692 0.000000 -0.337570 -0.000199 
1275 2.918766 0.000000 -0.246867 14.998396 0.000000 -0.357504 -0.000354 
1276 3.003008 0.000000 -0.246867 14.998592 0.000000 -0.355285 -0.000373 
1277 3.003008 0.000000 -0.325279 14.998167 0.000000 -0.337011 -0.000260 
1278 3.087250 0.000000 -0.246867 14.998888 0.000000 -0.352350 -0.000403 
1279 4.856336 0.000000 -0.246867 15.000480 0.000000 -0.338973 -0.000575 
1280 4.772094 0.000000 -0.246867 15.000278 0.000000 -0.339099 -0.000548 
1281 4.856336 0.000000 -0.325279 15.000519 0.000000 -0.338641 -0.000579 
1282 0.833771 0.000000 -0.070440 14.992875 0.000000 -0.368068 0.000348 
1283 0.812711 0.000000 -0.070440 14.992982 0.000000 -0.365361 0.000342 
1284 0.833771 0.000000 -0.090043 14.994110 0.000000 -0.385993 0.000123 
1285 0.960135 0.000000 -0.070440 14.992695 0.000000 -0.366688 0.000376 
1286 0.960135 0.000000 -0.090043 14.991248 0.000000 -0.386579 0.000502 
1287 0.981195 0.000000 -0.070440 14.992902 0.000000 -0.365298 0.000353 
1288 1.002256 0.000000 -0.070440 14.993178 0.000000 -0.363540 0.000322 
1289 1.002256 0.000000 -0.090043 14.991568 0.000000 -0.384198 0.000468 
1290 1.023316 0.000000 -0.070440 14.993463 0.000000 -0.361912 0.000289 
1291 1.044377 0.000000 -0.070440 14.993738 0.000000 -0.360171 0.000258 
1292 1.044377 0.000000 -0.090043 14.992063 0.000000 -0.381591 0.000411 
1293 1.065438 0.000000 -0.070440 14.994016 0.000000 -0.358395 0.000227 
1294 2.455434 0.000000 -0.129249 14.999187 0.000000 -0.350900 -0.000439 
1295 2.455434 0.000000 -0.168455 14.998430 0.000000 -0.371218 -0.000403 
1296 2.497555 0.000000 -0.129249 14.999304 0.000000 -0.349934 -0.000451 
1297 2.539676 0.000000 -0.129249 14.999418 0.000000 -0.349083 -0.000464 
1298 2.539676 0.000000 -0.168455 14.998642 0.000000 -0.370062 -0.000428 
1299 2.581797 0.000000 -0.129249 14.999526 0.000000 -0.348225 -0.000476 
1300 3.171492 0.000000 -0.246867 14.999017 0.000000 -0.351952 -0.000419 
1301 3.171492 0.000000 -0.325279 14.998546 0.000000 -0.336657 -0.000310 
1302 3.255734 0.000000 -0.246867 14.999116 0.000000 -0.351835 -0.000432 
1303 3.339977 0.000000 -0.246867 14.999218 0.000000 -0.351530 -0.000445 
1304 3.339977 0.000000 -0.325279 14.998806 0.000000 -0.336471 -0.000344 
1305 3.424219 0.000000 -0.246867 14.999301 0.000000 -0.351361 -0.000455 
1306 4.687852 0.000000 -0.246867 15.000135 0.000000 -0.339209 -0.000529 
1307 4.603609 0.000000 -0.246867 15.000033 0.000000 -0.339313 -0.000516 
1308 4.687852 0.000000 -0.325279 15.000209 0.000000 -0.338181 -0.000536 
1309 -0.113953 0.000000 -0.482103 14.792625 0.000000 -0.003639 0.027459 
1310 -0.282437 0.000000 -0.482103 14.853944 0.000000 0.044930 0.019370 
1311 -0.113953 0.000000 -0.638927 14.846370 0.000000 -0.024587 0.020376 
1312 0.475742 0.000000 -0.246867 14.862355 0.000000 -0.527951 0.017030 
1313 0.391500 0.000000 -0.246867 14.780060 0.000000 -0.533590 0.027845 
1314 0.475742 0.000000 -0.325279 14.852453 0.000000 -0.435491 0.018733 
1315 -0.450922 0.000000 -0.482103 14.904115 0.000000 0.059991 0.012728 
1316 -0.619406 0.000000 -0.482103 14.937626 0.000000 0.060214 0.008283 
1317 -0.450922 0.000000 -0.638927 14.911117 0.000000 0.035159 0.011810 
1318 0.602105 0.000000 -0.129249 15.065131 0.000000 -0.609130 -0.010352 
1319 0.559984 0.000000 -0.129249 15.004824 0.000000 -0.659799 -0.002578 
1320 0.602105 0.000000 -0.168455 15.009902 0.000000 -0.559228 -0.002711 
1321 0.791650 0.000000 -0.070440 14.992868 0.000000 -0.358870 0.000378 
1322 0.770590 0.000000 -0.070440 14.993339 0.000000 -0.346517 0.000354 
1323 0.791650 0.000000 -0.090043 14.998877 0.000000 -0.378479 -0.000487 
1324 3.508461 0.000000 -0.246867 14.999371 0.000000 -0.351313 -0.000465 
1325 3.508461 0.000000 -0.325279 14.999014 0.000000 -0.335790 -0.000370 
1326 3.592703 0.000000 -0.246867 14.999449 0.000000 -0.351067 -0.000474 
1327 3.676945 0.000000 -0.246867 14.999515 0.000000 -0.350935 -0.000483 
1328 3.676945 0.000000 -0.325279 14.999179 0.000000 -0.335604 -0.000391 
1329 3.761188 0.000000 -0.246867 14.999575 0.000000 -0.350911 -0.000491 
1330 3.845430 0.000000 -0.246867 14.999643 0.000000 -0.350697 -0.000499 
1331 3.845430 0.000000 -0.325279 14.999340 0.000000 -0.335651 -0.000413 
1332 3.929672 0.000000 -0.246867 14.999703 0.000000 -0.350585 -0.000507 
1333 4.013914 0.000000 -0.246867 14.999762 0.000000 -0.350477 -0.000514 
1334 4.013914 0.000000 -0.325279 14.999542 0.000000 -0.341818 -0.000458 
1335 4.098156 0.000000 -0.246867 14.999819 0.000000 -0.350373 -0.000521 
1336 4.519367 0.000000 -0.246867 14.999956 0.000000 -0.339417 -0.000506 
1337 4.435125 0.000000 -0.246867 14.999891 0.000000 -0.339521 -0.000498 
1338 4.519367 0.000000 -0.325279 15.000073 0.000000 -0.338706 -0.000520 
1 10 13 9 14 
2 11 10 14 4 
3 19 21 3 22 
4 13 19 22 9 
5 23 26 13 27 
6 24 23 27 10 
7 35 37 19 38 
8 26 35 38 13 
9 39 42 26 43 
10 40 39 43 23 
11 51 53 35 54 
12 42 51 54 26 
13 55 58 42 59 
14 56 55 59 39 
15 67 69 51 70 
16 58 67 70 42 
17 71 74 58 75 
18 72 71 75 55 
19 63 81 79 80 
20 81 66 82 79 
21 83 85 67 86 
22 74 83 86 58 
23 87 90 74 91 
24 88 87 91 71 
25 6 94 92 93 
26 94 12 24 92 
27 92 24 10 95 
28 93 92 95 11 
29 12 98 96 97 
30 98 25 40 96 
31 96 40 23 99 
32 97 96 99 24 
33 25 102 100 101 
34 100 56 39 103 
35 101 100 103 40 
36 104 72 55 107 
37 105 104 107 56 
38 108 88 71 111 
39 109 108 111 72 
40 79 117 115 116 
41 117 82 118 115 
42 119 122 87 123 
43 120 119 123 88 
44 16 126 124 125 
45 126 15 32 124 
46 124 32 12 94 
47 125 124 94 6 
48 32 129 127 128 
49 129 31 48 127 
50 127 48 25 98 
51 128 127 98 12 
52 48 132 130 131 
53 131 130 102 25 
54 64 135 133 134 
55 135 63 80 133 
56 80 138 136 137 
57 138 79 116 136 
58 139 120 88 142 
59 140 139 142 108 
60 116 145 143 144 
61 145 115 146 143 
62 73 149 147 148 
63 147 150 119 151 
64 148 147 151 120 
65 136 154 152 153 
66 154 116 144 152 
67 157 73 148 155 
68 155 148 120 158 
69 156 155 158 139 
70 159 109 72 162 
71 160 159 162 104 
72 163 140 108 166 
73 164 163 166 109 
74 167 156 139 170 
75 168 167 170 140 
76 152 173 171 172 
77 173 144 174 171 
78 171 174 73 157 
79 172 171 157 141 
80 141 177 175 176 
81 177 157 178 175 
82 175 178 155 179 
83 176 175 179 156 
84 133 182 180 181 
85 182 80 137 180 
86 137 185 183 184 
87 185 136 153 183 
88 153 188 186 187 
89 188 152 172 186 
90 186 172 141 169 
91 187 186 169 110 
92 169 191 189 190 
93 191 141 176 189 
94 189 176 156 192 
95 190 189 192 167 
96 193 168 140 196 
97 194 193 196 163 
98 110 199 197 198 
99 199 169 190 197 
100 197 190 167 200 
101 198 197 200 168 
102 183 203 201 202 
103 203 153 187 201 
104 201 187 110 195 
105 202 201 195 165 
106 195 206 204 205 
107 206 110 198 204 
108 204 198 168 207 
109 205 204 207 193 
110 208 164 109 211 
111 209 208 211 159 
112 57 214 212 213 
113 212 194 163 215 
114 213 212 215 164 
115 165 218 216 217 
116 218 195 205 216 
117 216 205 193 219 
118 217 216 219 194 
119 180 222 220 221 
120 222 137 184 220 
121 184 225 223 224 
122 225 183 202 223 
123 223 202 165 214 
124 224 223 214 57 
125 214 228 226 227 
126 228 165 217 226 
127 226 217 194 229 
128 227 226 229 212 
129 232 57 213 230 
130 230 213 164 233 
131 231 230 233 208 
132 102 236 234 235 
133 236 41 105 234 
134 234 105 56 237 
135 235 234 237 100 
136 41 240 238 239 
137 240 106 160 238 
138 238 160 104 241 
139 239 238 241 105 
140 106 244 242 243 
141 244 161 209 242 
142 242 209 159 245 
143 243 242 245 160 
144 161 248 246 247 
145 248 210 231 246 
146 246 231 208 249 
147 247 246 249 209 
148 220 252 250 251 
149 252 184 224 250 
150 250 224 57 232 
151 251 250 232 210 
152 210 255 253 254 
153 255 232 256 253 
154 253 256 230 257 
155 254 253 257 231 
156 274 275 21 276 
157 37 274 276 19 
158 277 278 37 279 
159 53 277 279 35 
160 280 281 53 282 
161 69 280 282 51 
162 283 284 69 285 
163 85 283 285 67 
164 295 297 283 298 
165 296 295 298 85 
166 287 301 299 300 
167 304 296 85 306 
168 305 304 306 83 
169 291 309 307 308 
170 309 287 300 307 
171 311 313 295 314 
172 312 311 314 296 
173 300 317 315 316 
174 317 299 318 315 
175 315 318 303 319 
176 316 315 319 68 
177 320 312 296 322 
178 321 320 322 304 
179 307 325 323 324 
180 325 300 316 323 
181 310 326 327 328 
182 326 68 329 327 
183 327 329 312 330 
184 328 327 330 320 
185 323 333 331 332 
186 333 316 334 331 
187 331 334 68 335 
188 332 331 335 326 
189 82 337 336 118 
190 337 112 292 336 
191 336 292 84 338 
192 118 336 338 5 
193 292 341 339 340 
194 341 291 308 339 
195 340 339 342 84 
196 308 345 343 344 
197 345 307 324 343 
198 324 349 347 348 
199 349 323 332 347 
200 347 332 326 350 
201 348 347 350 310 
202 5 338 351 90 
203 338 84 305 351 
204 351 305 83 352 
205 90 351 352 74 
206 84 342 353 354 
207 353 321 304 355 
208 354 353 355 305 
209 294 346 356 357 
210 346 310 328 356 
211 356 328 320 358 
212 357 356 358 321 
213 343 361 359 360 
214 361 324 348 359 
215 359 348 310 362 
216 360 359 362 346 
217 339 365 363 364 
218 365 308 344 363 
219 363 344 294 366 
220 364 363 366 342 
221 344 369 367 368 
222 369 343 360 367 
223 367 360 346 370 
224 368 367 370 294 
225 144 372 371 174 
226 372 143 373 371 
227 371 373 121 149 
228 174 371 149 73 
229 89 375 374 122 
230 375 5 376 374 
231 374 376 90 377 
232 122 374 377 87 
233 121 379 378 150 
234 379 89 380 378 
235 378 380 122 381 
236 150 378 381 119 
237 149 384 382 383 
238 384 121 385 382 
239 382 385 150 386 
240 383 382 386 147 
241 115 388 387 146 
242 388 118 389 387 
243 387 389 5 375 
244 146 387 375 89 
245 406 407 277 408 
246 281 406 408 53 
247 425 426 274 427 
248 278 425 427 37 
249 432 433 278 434 
250 407 432 434 277 
251 448 449 425 450 
252 433 448 450 278 
253 456 457 275 458 
254 426 456 458 274 
255 463 464 426 465 
256 449 463 465 425 
257 444 468 466 467 
258 468 446 469 466 
259 475 476 456 477 
260 464 475 477 426 
261 483 484 457 485 
262 476 483 485 456 
263 490 492 476 493 
264 491 490 493 475 
265 478 496 494 495 
266 496 481 497 494 
267 494 497 443 498 
268 495 494 498 482 
269 499 500 483 501 
270 492 499 501 476 
271 443 505 506 507 
272 505 489 508 506 
273 506 508 499 509 
274 507 506 509 492 
275 497 512 510 511 
276 510 513 505 514 
277 511 510 514 443 
278 523 524 484 525 
279 500 523 525 483 
280 299 535 534 318 
281 535 302 536 534 
282 534 536 290 537 
283 318 534 537 303 
284 538 539 280 540 
285 284 538 540 69 
286 541 542 284 543 
287 297 541 543 283 
288 548 550 541 551 
289 549 548 551 297 
290 554 544 555 552 
291 552 555 547 556 
292 557 549 297 558 
293 313 557 558 295 
294 530 561 559 560 
295 560 559 562 533 
296 273 556 563 564 
297 556 547 565 563 
298 563 565 548 566 
299 564 563 566 549 
300 569 552 570 567 
301 567 570 556 571 
302 568 567 571 273 
303 533 562 572 573 
304 562 273 564 572 
305 572 564 549 574 
306 573 572 574 557 
307 559 577 575 576 
308 577 553 568 575 
309 575 568 273 578 
310 576 575 578 562 
311 7 581 579 580 
312 581 29 582 579 
313 579 582 28 45 
314 580 579 45 18 
315 18 585 583 584 
316 585 45 586 583 
317 583 586 44 61 
318 584 583 61 34 
319 34 589 587 588 
320 589 61 590 587 
321 587 590 60 77 
322 588 587 77 50 
323 77 593 591 592 
324 593 60 594 591 
325 591 594 78 271 
326 592 591 271 76 
327 271 597 595 596 
328 597 78 598 595 
329 595 598 272 395 
330 596 595 395 270 
331 270 601 599 600 
332 601 395 602 599 
333 599 602 394 545 
334 600 599 545 289 
335 289 605 603 604 
336 605 545 606 603 
337 603 606 544 554 
338 604 603 554 532 
339 532 609 607 608 
340 609 554 610 607 
341 607 610 552 569 
342 608 607 569 553 
343 553 613 611 612 
344 613 569 614 611 
345 611 614 567 615 
346 612 611 615 568 
347 624 625 538 626 
348 542 624 626 284 
349 396 628 627 622 
350 628 616 629 627 
351 627 629 619 630 
352 622 627 630 52 
353 631 632 542 633 
354 550 631 633 541 
355 620 636 634 635 
356 636 622 637 634 
357 634 637 52 638 
358 546 641 639 640 
359 641 620 635 639 
360 639 635 623 642 
361 640 639 642 397 
362 52 630 643 632 
363 630 619 644 643 
364 643 644 624 645 
365 632 643 645 542 
366 623 638 646 647 
367 638 52 648 646 
368 646 648 632 649 
369 647 646 649 631 
370 635 652 650 651 
371 652 634 653 650 
372 650 653 638 654 
373 651 650 654 623 
374 390 656 655 618 
375 656 392 657 655 
376 655 657 269 658 
377 618 655 658 393 
378 616 660 659 629 
379 660 618 661 659 
380 659 661 393 662 
381 629 659 662 619 
382 663 664 281 665 
383 539 663 665 280 
384 392 667 666 657 
385 667 402 668 666 
386 666 668 405 669 
387 269 669 670 671 
388 669 405 672 670 
389 670 672 663 673 
390 671 670 673 539 
391 657 676 674 675 
392 676 666 677 674 
393 674 677 669 678 
394 675 674 678 269 
395 402 680 679 668 
396 680 404 681 679 
397 679 681 36 682 
398 668 679 682 405 
399 683 684 406 685 
400 664 683 685 281 
401 404 687 686 681 
402 687 409 688 686 
403 686 688 412 689 
404 681 686 689 36 
405 409 691 690 688 
406 691 411 692 690 
407 690 692 401 693 
408 688 690 693 412 
409 694 695 407 696 
410 684 694 696 406 
411 708 710 694 711 
412 709 708 711 684 
413 714 699 715 712 
414 712 715 424 716 
415 692 719 717 718 
416 718 717 720 401 
417 721 722 432 723 
418 695 721 723 407 
419 724 725 695 726 
420 710 724 726 694 
421 700 716 727 728 
422 716 424 729 727 
423 727 729 710 730 
424 728 727 730 708 
425 733 712 734 731 
426 731 734 716 735 
427 732 731 735 700 
428 412 693 736 737 
429 693 401 709 736 
430 736 709 684 738 
431 737 736 738 683 
432 401 720 739 740 
433 720 700 728 739 
434 739 728 708 741 
435 740 739 741 709 
436 717 744 742 743 
437 744 713 732 742 
438 742 732 700 745 
439 743 742 745 720 
440 45 747 746 586 
441 747 28 748 746 
442 746 748 46 263 
443 586 746 263 44 
444 44 751 749 750 
445 751 263 752 749 
446 749 752 262 399 
447 750 749 399 62 
448 399 755 753 754 
449 755 262 756 753 
450 753 756 400 422 
451 754 753 422 398 
452 398 759 757 758 
453 759 422 760 757 
454 757 760 421 698 
455 758 757 698 411 
456 698 763 761 762 
457 763 421 764 761 
458 761 764 699 714 
459 762 761 714 697 
460 697 767 765 766 
461 767 714 768 765 
462 765 768 712 733 
463 766 765 733 713 
464 713 771 769 770 
465 771 733 772 769 
466 769 772 731 773 
467 770 769 773 732 
468 704 780 778 779 
469 780 706 781 778 
470 778 781 265 782 
471 699 784 783 715 
472 784 704 779 783 
473 783 779 707 785 
474 715 783 785 424 
475 786 787 721 788 
476 725 786 788 695 
477 707 782 789 790 
478 782 265 791 789 
479 789 791 725 792 
480 790 789 792 724 
481 779 795 793 794 
482 795 778 796 793 
483 793 796 782 797 
484 794 793 797 707 
485 701 799 798 776 
486 799 436 800 798 
487 798 800 420 801 
488 776 798 801 703 
489 774 804 802 803 
490 804 776 805 802 
491 802 805 703 806 
492 803 802 806 777 
493 807 808 433 809 
494 722 807 809 432 
495 436 811 810 800 
496 811 435 812 810 
497 810 812 439 813 
498 800 810 813 420 
499 817 818 448 819 
500 808 817 819 433 
501 438 822 820 821 
502 822 814 823 820 
503 820 823 816 824 
504 821 820 824 20 
505 825 826 449 827 
506 818 825 827 448 
507 452 830 828 829 
508 830 451 831 828 
509 828 831 455 832 
510 829 828 832 431 
511 451 837 836 831 
512 837 454 838 836 
513 831 836 839 455 
514 840 841 463 842 
515 826 840 842 449 
516 454 844 843 838 
517 844 833 845 843 
518 843 845 835 846 
519 838 843 846 416 
520 455 839 847 848 
521 839 416 849 847 
522 847 849 826 850 
523 848 847 850 825 
524 836 853 851 852 
525 853 838 854 851 
526 851 854 416 855 
527 852 851 855 839 
528 856 857 464 858 
529 841 856 858 463 
530 467 861 859 860 
531 861 466 862 859 
532 859 862 470 863 
533 860 859 863 447 
534 867 491 475 868 
535 857 867 868 464 
536 864 871 869 870 
537 871 479 872 869 
538 869 872 462 873 
539 469 876 874 875 
540 876 864 870 874 
541 874 870 866 877 
542 875 874 877 261 
543 866 873 878 879 
544 873 462 880 878 
545 878 880 491 881 
546 879 878 881 867 
547 870 884 882 883 
548 884 869 885 882 
549 882 885 873 886 
550 883 882 886 866 
551 479 888 887 872 
552 888 478 495 887 
553 872 887 889 462 
554 462 889 890 880 
555 889 482 891 890 
556 890 891 490 892 
557 880 890 892 491 
558 887 895 893 894 
559 895 495 896 893 
560 893 896 482 897 
561 894 893 897 889 
562 29 899 898 582 
563 899 2 900 898 
564 898 900 30 259 
565 582 898 259 28 
566 259 903 901 902 
567 903 30 904 901 
568 901 904 260 441 
569 902 901 441 258 
570 441 907 905 906 
571 907 260 908 905 
572 905 908 442 472 
573 906 905 472 440 
574 440 911 909 910 
575 911 472 912 909 
576 909 912 471 487 
577 910 909 487 461 
578 461 915 913 914 
579 915 487 916 913 
580 913 916 486 503 
581 914 913 503 481 
582 481 919 917 918 
583 919 503 920 917 
584 917 920 502 512 
585 918 917 512 497 
586 502 922 921 513 
587 922 504 923 921 
588 921 923 489 924 
589 513 921 924 505 
590 512 927 925 926 
591 927 502 928 925 
592 925 928 513 929 
593 926 925 929 510 
594 489 522 930 508 
595 522 474 931 930 
596 930 931 500 932 
597 508 930 932 499 
598 519 935 933 934 
599 933 936 474 937 
600 934 933 937 522 
601 487 939 938 916 
602 939 471 940 938 
603 938 940 488 520 
604 916 938 520 486 
605 520 943 941 942 
606 943 488 944 941 
607 941 944 521 935 
608 942 941 935 519 
609 474 529 945 931 
610 529 518 946 945 
611 945 946 523 947 
612 931 945 947 500 
613 948 950 529 951 
614 936 948 951 474 
615 935 954 952 953 
616 954 521 955 952 
617 952 955 936 956 
618 953 952 956 933 
619 472 962 961 912 
620 962 442 963 961 
621 961 963 473 516 
622 912 961 516 471 
623 471 965 964 940 
624 965 516 966 964 
625 964 966 515 527 
626 940 964 527 488 
627 488 968 967 944 
628 968 527 969 967 
629 967 969 526 949 
630 944 967 949 521 
631 970 972 518 973 
632 950 970 973 529 
633 949 976 974 975 
634 976 526 977 974 
635 974 977 950 978 
636 975 974 978 948 
637 527 980 979 969 
638 980 515 981 979 
639 979 981 528 971 
640 969 979 971 526 
641 518 960 982 946 
642 960 8 983 982 
643 982 983 524 984 
644 946 982 984 523 
645 985 987 960 988 
646 972 985 988 518 
647 971 991 989 990 
648 991 528 992 989 
649 989 992 972 993 
650 990 989 993 970 
651 516 995 994 966 
652 995 473 996 994 
653 994 996 517 958 
654 966 994 958 515 
655 515 998 997 981 
656 998 958 999 997 
657 997 999 957 986 
658 981 997 986 528 
659 957 1001 1000 987 
660 1001 959 1002 1000 
661 1000 1002 8 1003 
662 987 1000 1003 960 
663 986 1006 1004 1005 
664 1006 957 1007 1004 
665 1004 1007 987 1008 
666 1005 1004 1008 985 
667 17 1011 1009 1010 
668 1011 7 580 1009 
669 1009 580 18 33 
670 1010 1009 33 15 
671 33 1014 1012 1013 
672 1014 18 584 1012 
673 1012 584 34 49 
674 1013 1012 49 31 
675 49 1017 1015 1016 
676 1017 34 588 1015 
677 1015 588 50 65 
678 1016 1015 65 47 
679 61 1019 1018 590 
680 1019 44 750 1018 
681 1018 750 62 267 
682 590 1018 267 60 
683 50 1022 1020 1021 
684 1022 77 592 1020 
685 1020 592 76 113 
686 1021 1020 113 66 
687 130 1025 1023 1024 
688 1025 64 134 1023 
689 1023 134 41 236 
690 1024 1023 236 102 
691 134 1028 1026 1027 
692 1028 133 181 1026 
693 1026 181 106 240 
694 1027 1026 240 41 
695 143 1030 1029 373 
696 1030 146 1031 1029 
697 1029 1031 89 379 
698 373 1029 379 121 
699 181 1034 1032 1033 
700 1034 180 221 1032 
701 1032 221 161 244 
702 1033 1032 244 106 
703 221 1037 1035 1036 
704 1037 220 251 1035 
705 1035 251 210 248 
706 1036 1035 248 161 
707 28 1039 1038 748 
708 1039 259 902 1038 
709 1038 902 258 414 
710 748 1038 414 46 
711 263 1041 1040 752 
712 1041 46 1042 1040 
713 1040 1042 264 418 
714 752 1040 418 262 
715 60 1044 1043 594 
716 1044 267 1045 1043 
717 1043 1045 266 391 
718 594 1043 391 78 
719 267 1047 1046 1045 
720 1047 62 1048 1046 
721 1046 1048 268 403 
722 1045 1046 403 266 
723 76 1051 1049 1050 
724 1051 271 596 1049 
725 1049 596 270 288 
726 1050 1049 288 114 
727 288 1054 1052 1053 
728 1054 270 600 1052 
729 1052 600 289 531 
730 1053 1052 531 286 
731 68 319 1055 329 
732 319 303 1056 1055 
733 1055 1056 311 1057 
734 329 1055 1057 312 
735 303 537 1058 1056 
736 537 290 1059 1058 
737 1058 1059 313 1060 
738 1056 1058 1060 311 
739 342 366 1061 1062 
740 366 294 357 1061 
741 1061 357 321 1063 
742 1062 1061 1063 353 
743 78 1065 1064 598 
744 1065 391 1066 1064 
745 1064 1066 390 617 
746 598 1064 617 272 
747 391 1068 1067 1066 
748 1068 266 1069 1067 
749 1067 1069 392 656 
750 1066 1067 656 390 
751 395 1071 1070 602 
752 1071 272 1072 1070 
753 1070 1072 396 621 
754 602 1070 621 394 
755 62 1074 1073 1048 
756 1074 399 754 1073 
757 1073 754 398 410 
758 1048 1073 410 268 
759 266 1076 1075 1069 
760 1076 403 1077 1075 
761 1075 1077 402 667 
762 1069 1075 667 392 
763 403 1079 1078 1077 
764 1079 268 1080 1078 
765 1078 1080 404 680 
766 1077 1078 680 402 
767 268 1082 1081 1080 
768 1082 410 1083 1081 
769 1081 1083 409 687 
770 1080 1081 687 404 
771 410 1085 1084 1083 
772 1085 398 758 1084 
773 1084 758 411 691 
774 1083 1084 691 409 
775 46 1087 1086 1042 
776 1087 414 1088 1086 
777 1086 1088 413 429 
778 1042 1086 429 264 
779 414 1090 1089 1088 
780 1090 258 1091 1089 
781 1089 1091 415 445 
782 1088 1089 445 413 
783 262 1093 1092 756 
784 1093 418 1094 1092 
785 1092 1094 417 702 
786 756 1092 702 400 
787 418 1096 1095 1094 
788 1096 264 1097 1095 
789 1095 1097 419 437 
790 1094 1095 437 417 
791 422 1099 1098 760 
792 1099 400 1100 1098 
793 1098 1100 423 705 
794 760 1098 705 421 
795 264 1102 1101 1097 
796 1102 429 1103 1101 
797 1101 1103 428 815 
798 1097 1101 815 419 
799 429 1105 1104 1103 
800 1105 413 1106 1104 
801 1104 1106 430 453 
802 1103 1104 453 428 
803 435 1108 1107 812 
804 1108 438 821 1107 
805 1107 821 20 1109 
806 812 1107 1109 439 
807 258 1111 1110 1091 
808 1111 441 906 1110 
809 1110 906 440 460 
810 1091 1110 460 415 
811 413 1113 1112 1106 
812 1113 445 1114 1112 
813 1112 1114 444 834 
814 1106 1112 834 430 
815 445 1116 1115 1114 
816 1116 415 1117 1115 
817 1115 1117 446 468 
818 1114 1115 468 444 
819 415 1119 1118 1117 
820 1119 460 1120 1118 
821 1118 1120 459 865 
822 1117 1118 865 446 
823 460 1122 1121 1120 
824 1122 440 910 1121 
825 1121 910 461 480 
826 1120 1121 480 459 
827 466 1124 1123 862 
828 1124 469 875 1123 
829 1123 875 261 1125 
830 862 1123 1125 470 
831 480 1128 1126 1127 
832 1128 461 914 1126 
833 1126 914 481 496 
834 1127 1126 496 478 
835 482 498 1129 891 
836 498 443 507 1129 
837 1129 507 492 1130 
838 891 1129 1130 490 
839 503 1132 1131 920 
840 1132 486 1133 1131 
841 1131 1133 504 922 
842 920 1131 922 502 
843 486 1135 1134 1133 
844 1135 520 942 1134 
845 1134 942 519 1136 
846 1133 1134 1136 504 
847 504 1136 1137 923 
848 1136 519 934 1137 
849 1137 934 522 1138 
850 923 1137 1138 489 
851 531 1141 1139 1140 
852 1141 289 604 1139 
853 1139 604 532 561 
854 1140 1139 561 530 
855 302 1143 1142 536 
856 1143 530 560 1142 
857 1142 560 533 1144 
858 536 1142 1144 290 
859 393 658 1145 625 
860 658 269 671 1145 
861 1145 671 539 1146 
862 625 1145 1146 538 
863 544 1148 1147 555 
864 1148 546 640 1147 
865 1147 640 397 1149 
866 555 1147 1149 547 
867 547 1149 1150 565 
868 1149 397 1151 1150 
869 1150 1151 550 1152 
870 565 1150 1152 548 
871 290 1144 1153 1059 
872 1144 533 573 1153 
873 1153 573 557 1154 
874 1059 1153 1154 313 
875 561 1157 1155 1156 
876 1157 532 608 1155 
877 1155 608 553 577 
878 1156 1155 577 559 
879 272 1159 1158 1072 
880 1159 617 1160 1158 
881 1158 1160 616 628 
882 1072 1158 628 396 
883 617 1162 1161 1160 
884 1162 390 1163 1161 
885 1161 1163 618 660 
886 1160 1161 660 616 
887 619 662 1164 644 
888 662 393 1165 1164 
889 1164 1165 625 1166 
890 644 1164 1166 624 
891 397 642 1167 1151 
892 642 623 647 1167 
893 1167 647 631 1168 
894 1151 1167 1168 550 
895 405 682 1169 672 
896 682 36 1170 1169 
897 1169 1170 664 1171 
898 672 1169 1171 663 
899 36 689 1172 1170 
900 689 412 737 1172 
901 1172 737 683 1173 
902 1170 1172 1173 664 
903 411 1176 1174 1175 
904 1176 698 762 1174 
905 1174 762 697 719 
906 1175 1174 719 692 
907 400 1178 1177 1100 
908 1178 702 1179 1177 
909 1177 1179 701 775 
910 1100 1177 775 423 
911 702 1181 1180 1179 
912 1181 417 1182 1180 
913 1180 1182 436 799 
914 1179 1180 799 701 
915 421 1184 1183 764 
916 1184 705 1185 1183 
917 1183 1185 704 784 
918 764 1183 784 699 
919 705 1187 1186 1185 
920 1187 423 1188 1186 
921 1186 1188 706 780 
922 1185 1186 780 704 
923 719 1191 1189 1190 
924 1191 697 766 1189 
925 1189 766 713 744 
926 1190 1189 744 717 
927 703 801 1192 787 
928 801 420 1193 1192 
929 1192 1193 722 1194 
930 787 1192 1194 721 
931 424 785 1195 729 
932 785 707 790 1195 
933 1195 790 724 1196 
934 729 1195 1196 710 
935 706 1198 1197 781 
936 1198 774 803 1197 
937 1197 803 777 1199 
938 781 1197 1199 265 
939 265 1199 1200 791 
940 1199 777 1201 1200 
941 1200 1201 786 1202 
942 791 1200 1202 725 
943 777 806 1203 1201 
944 806 703 1204 1203 
945 1203 1204 787 1205 
946 1201 1203 1205 786 
947 420 813 1206 1193 
948 813 439 1207 1206 
949 1206 1207 807 1208 
950 1193 1206 1208 722 
951 439 1109 1209 1207 
952 1109 20 1210 1209 
953 1209 1210 808 1211 
954 1207 1209 1211 807 
955 814 1213 1212 823 
956 1213 452 829 1212 
957 1212 829 431 1214 
958 823 1212 1214 816 
959 20 824 1215 1210 
960 824 816 1216 1215 
961 1215 1216 817 1217 
962 1210 1215 1217 808 
963 816 1214 1218 1216 
964 1214 431 1219 1218 
965 1218 1219 818 1220 
966 1216 1218 1220 817 
967 431 832 1221 1219 
968 832 455 848 1221 
969 1221 848 825 1222 
970 1219 1221 1222 818 
971 833 1224 1223 845 
972 1224 467 860 1223 
973 1223 860 447 1225 
974 845 1223 1225 835 
975 416 846 1226 849 
976 846 835 1227 1226 
977 1226 1227 840 1228 
978 849 1226 1228 826 
979 835 1225 1229 1227 
980 1225 447 1230 1229 
981 1229 1230 841 1231 
982 1227 1229 1231 840 
983 447 863 1232 1230 
984 863 470 1233 1232 
985 1232 1233 856 1234 
986 1230 1232 1234 841 
987 470 1125 1235 1233 
988 1125 261 1236 1235 
989 1235 1236 857 1237 
990 1233 1235 1237 856 
991 261 877 1238 1236 
992 877 866 879 1238 
993 1238 879 867 1239 
994 1236 1238 1239 857 
995 521 1241 1240 955 
996 1241 949 975 1240 
997 1240 975 948 1242 
998 955 1240 1242 936 
999 958 1244 1243 999 
1000 1244 517 1245 1243 
1001 1243 1245 959 1001 
1002 999 1243 1001 957 
1003 526 1247 1246 977 
1004 1247 971 990 1246 
1005 1246 990 970 1248 
1006 977 1246 1248 950 
1007 528 1250 1249 992 
1008 1250 986 1005 1249 
1009 1249 1005 985 1251 
1010 992 1249 1251 972 
1011 1 1254 1252 1253 
1012 1254 17 1010 1252 
1013 1252 1010 15 126 
1014 1253 1252 126 16 
1015 15 1257 1255 1256 
1016 1257 33 1013 1255 
1017 1255 1013 31 129 
1018 1256 1255 129 32 
1019 31 1260 1258 1259 
1020 1260 49 1016 1258 
1021 1258 1016 47 132 
1022 1259 1258 132 48 
1023 65 1263 1261 1262 
1024 1263 50 1021 1261 
1025 1261 1021 66 81 
1026 1262 1261 81 63 
1027 113 1266 1264 1265 
1028 1266 76 1050 1264 
1029 1264 1050 114 293 
1030 1265 1264 293 112 
1031 114 1269 1267 1268 
1032 1269 288 1053 1267 
1033 1267 1053 286 301 
1034 1268 1267 301 287 
1035 293 1272 1270 1271 
1036 1272 114 1268 1270 
1037 1270 1268 287 309 
1038 1271 1270 309 291 
1039 417 1274 1273 1182 
1040 1274 437 1275 1273 
1041 1273 1275 435 811 
1042 1182 1273 811 436 
1043 437 1277 1276 1275 
1044 1277 419 1278 1276 
1045 1276 1278 438 1108 
1046 1275 1276 1108 435 
1047 459 1281 1279 1280 
1048 1281 480 1127 1279 
1049 1279 1127 478 888 
1050 1280 1279 888 479 
1051 286 1284 1282 1283 
1052 1284 531 1140 1282 
1053 1282 1140 530 1143 
1054 1283 1282 1143 302 
1055 545 1286 1285 606 
1056 1286 394 1287 1285 
1057 1285 1287 546 1148 
1058 606 1285 1148 544 
1059 394 1289 1288 1287 
1060 1289 621 1290 1288 
1061 1288 1290 620 641 
1062 1287 1288 641 546 
1063 621 1292 1291 1290 
1064 1292 396 1293 1291 
1065 1291 1293 622 636 
1066 1290 1291 636 620 
1067 423 1295 1294 1188 
1068 1295 775 1296 1294 
1069 1294 1296 774 1198 
1070 1188 1294 1198 706 
1071 775 1298 1297 1296 
1072 1298 701 1299 1297 
1073 1297 1299 776 804 
1074 1296 1297 804 774 
1075 419 1301 1300 1278 
1076 1301 815 1302 1300 
1077 1300 1302 814 822 
1078 1278 1300 822 438 
1079 815 1304 1303 1302 
1080 1304 428 1305 1303 
1081 1303 1305 452 1213 
1082 1302 1303 1213 814 
1083 865 1308 1306 1307 
1084 1308 459 1280 1306 
1085 1306 1280 479 871 
1086 1307 1306 871 864 
1087 47 1311 1309 1310 
1088 1311 65 1262 1309 
1089 1309 1262 63 135 
1090 1310 1309 135 64 
1091 66 1314 1312 1313 
1092 1314 113 1265 1312 
1093 1312 1265 112 337 
1094 1313 1312 337 82 
1095 132 1317 1315 1316 
1096 1317 47 1310 1315 
1097 1315 1310 64 1025 
1098 1316 1315 1025 130 
1099 112 1320 1318 1319 
1100 1320 293 1271 1318 
1101 1318 1271 291 341 
1102 1319 1318 341 292 
1103 301 1323 1321 1322 
1104 1323 286 1283 1321 
1105 1321 1283 302 535 
1106 1322 1321 535 299 
1107 428 1325 1324 1305 
1108 1325 453 1326 1324 
1109 1324 1326 451 830 
1110 1305 1324 830 452 
1111 453 1328 1327 1326 
1112 1328 430 1329 1327 
1113 1327 1329 454 837 
1114 1326 1327 837 451 
1115 430 1331 1330 1329 
1116 1331 834 1332 1330 
1117 1330 1332 833 844 
1118 1329 1330 844 454 
1119 834 1334 1333 1332 
1120 1334 444 1335 1333 
1121 1333 1335 467 1224 
1122 1332 1333 1224 833 
1123 446 1338 1336 1337 
1124 1338 865 1307 1336 
1125 1336 1307 864 876 
1126 1337 1336 876 469 
